1,A Light in the Attic,51.77,In stock,22,3,a897fe39b1053632
2,Tipping the Velvet,53.74,In stock,20,1,90fa61229261140a
3,Soumission,50.1,In stock,20,1,6957f44c3847a760
4,Sharp Objects,47.82,In stock,20,4,e00eb4fd7b871a48
5,Sapiens: A Brief History of Humankind,54.23,In stock,20,5,4165285e1663650f
6,The Requiem Red,22.65,In stock,19,1,f77dbf2323deb740
7,The Dirty Little Secrets of Getting Your Dream Job,33.34,In stock,19,4,2597b5a345f45e1b
8,"The Coming Woman: A Novel Based on the Life of the Infamous Feminist, Victoria Woodhull",17.93,In stock,19,3,e72a5dfc7e9267b2
9,The Boys in the Boat: Nine Americans and Their Epic Quest for Gold at the 1936 Berlin Olympics,22.6,In stock,19,4,e10e1e165dc8be4a
10,The Black Maria,52.15,In stock,19,1,1dfe412b8ac00530
11,"Starving Hearts (Triangular Trade Trilogy, #1)",13.99,In stock,19,2,0312262ecafa5a40
12,Shakespeare's Sonnets,20.66,In stock,19,4,30a7f60cd76ca58c
13,Set Me Free,17.46,In stock,19,5,ce6396b0f23f6ecc
14,Scott Pilgrim's Precious Little Life (Scott Pilgrim #1),52.29,In stock,19,5,3b1c02bac2a429e6
15,Rip it Up and Start Again,35.02,In stock,19,5,a34ba96d4081e6a4
16,"Our Band Could Be Your Life: Scenes from the American Indie Underground, 1981-1991",57.25,In stock,19,3,deda3e61b9514b83
17,Olio,23.88,In stock,19,1,feb7cc7701ecf901
18,Mesaerion: The Best Science Fiction Stories 1800-1849,37.59,In stock,19,1,e30f54cea9b38190
19,Libertarianism for Beginners,51.33,In stock,19,2,a18a4f574854aced
20,It's Only the Himalayas,45.17,In stock,19,2,a22124811bfa8350
21,In Her Wake,12.84,In stock,19,1,23356462d1320d61
22,How Music Works,37.32,In stock,19,2,327f68a59745c102
23,"Foolproof Preserving: A Guide to Small Batch Jams, Jellies, Pickles, Condiments, and More: A Foolproof Guide to Making Small Batch Jams, Jellies, Pickles, Condiments, and More",30.52,In stock,19,3,5674a18a29a43ced
24,Chase Me (Paris Nights #2),25.27,In stock,19,5,c2e46a2ee3b4a322
25,Black Dust,34.53,In stock,19,5,00bfed9e18bb36f3
26,Birdsong: A Story in Pictures,54.64,In stock,19,3,9528d0948525bf5f
27,America's Cradle of Quarterbacks: Western Pennsylvania's Football Factory from Johnny Unitas to Joe Montana,22.5,In stock,19,3,c7d160c2c0de586f
28,Aladdin and His Wonderful Lamp,53.13,In stock,19,3,904208d6aa64b655
29,Worlds Elsewhere: Journeys Around Shakespeare’s Globe,40.3,In stock,18,5,4c28def39d850cdf
30,Wall and Piece,44.18,In stock,18,4,ccd9ffa25efabdea
31,The Four Agreements: A Practical Guide to Personal Freedom,17.66,In stock,18,5,6258a1f6a6dcfe50
32,The Five Love Languages: How to Express Heartfelt Commitment to Your Mate,31.05,In stock,18,3,3c039985229453bf
33,The Elephant Tree,23.82,In stock,18,5,5dada2b7be26bd03
34,The Bear and the Piano,36.89,In stock,18,1,9f6568e9c95f60b0
35,Sophie's World,15.94,In stock,18,5,6be3beb0793a53e7
36,Penny Maybe,33.29,In stock,18,3,668fe56b17cfcd4f
37,Maude (1883-1993):She Grew Up with the country,18.02,In stock,18,2,094b269567e1c300
38,"In a Dark, Dark Wood",19.63,In stock,18,1,19ed25f4641d5efd
39,Behind Closed Doors,52.22,In stock,18,4,be5cc846f45496fb
40,You can't bury them all: Poems,33.63,In stock,17,2,55f9da0c5eea2e10
41,Slow States of Collapse: Poems,57.31,In stock,17,3,b4fd5943413e089a
42,Reasons to Stay Alive,26.41,In stock,17,2,c8f7f0cb1abb9cac
43,Private Paris (Private #10),47.61,In stock,17,5,b12b89017878a60d
44,#HigherSelfie: Wake Up Your Life. Free Your Soul. Find Your Tribe.,23.11,In stock,17,5,c27f6e1f185b0383
45,Without Borders (Wanderlove #1),45.07,In stock,16,2,acddfeab2a407640
46,When We Collided,31.77,In stock,16,1,3ecb690d1542c568
47,"We Love You, Charlie Freeman",50.27,In stock,16,5,8d455c7539795d2a
48,Untitled Collection: Sabbath Poems 2014,14.27,In stock,16,4,657fe5ead67a7767
49,"Unseen City: The Majesty of Pigeons, the Discreet Charm of Snails & Other Wonders of the Urban Wilderness",44.18,In stock,16,4,d170b5a0da46380e
50,Unicorn Tracks,18.78,In stock,16,3,7ae099f3898e0209
51,"Unbound: How Eight Technologies Made Us Human, Transformed Society, and Brought Our World to the Brink",25.52,In stock,16,1,9a9d6e9bc555731e
52,Tsubasa: WoRLD CHRoNiCLE 2 (Tsubasa WoRLD CHRoNiCLE #2),16.28,In stock,16,1,09555be379ad9253
53,Throwing Rocks at the Google Bus: How Growth Became the Enemy of Prosperity,31.12,In stock,16,3,7858914fad68493c
54,This One Summer,19.49,In stock,16,4,51653ef291ab7ddc
55,Thirst,17.27,In stock,16,5,709822d0b5bcb7f4
56,The Torch Is Passed: A Harding Family Story,19.09,In stock,16,1,4eed62cf5f8d8edf
57,The Secret of Dreadwillow Carse,56.13,In stock,16,1,b5ea0b5dabed25a8
58,"The Pioneer Woman Cooks: Dinnertime: Comfort Classics, Freezer Food, 16-Minute Meals, and Other Delicious Ways to Solve Supper!",56.41,In stock,16,1,142d767a56a9254d
59,The Past Never Ends,56.5,In stock,16,4,5ee94540d0749ea0
60,The Natural History of Us (The Fine Art of Pretending #2),45.22,In stock,16,3,cedf82b5086e4691
61,The Nameless City (The Nameless City #1),38.16,In stock,16,4,7d385d34d12e60ff
62,The Murder That Never Was (Forensic Instincts #5),54.11,In stock,16,3,d01ac97e2b8947c2
63,The Most Perfect Thing: Inside (and Outside) a Bird's Egg,42.96,In stock,16,4,aadee1c326d286e3
64,"The Mindfulness and Acceptance Workbook for Anxiety: A Guide to Breaking Free from Anxiety, Phobias, and Worry Using Acceptance and Commitment Therapy",23.89,In stock,16,4,31075275518532d7
65,The Life-Changing Magic of Tidying Up: The Japanese Art of Decluttering and Organizing,16.77,In stock,16,3,0da9aa9d24677fc0
66,"The Inefficiency Assassin: Time Management Tactics for Working Smarter, Not Longer",20.59,In stock,16,5,8c9e6bf2467d740d
67,The Gutsy Girl: Escapades for Your Life of Epic Adventure,37.13,In stock,16,1,acd86a5426e21ca0
68,The Electric Pencil: Drawings from Inside State Hospital No. 3,56.06,In stock,16,1,a30b270e25489e5c
69,The Death of Humanity: and the Case for Life,58.11,In stock,16,4,bd261725b99f5983
70,"The Bulletproof Diet: Lose up to a Pound a Day, Reclaim Energy and Focus, Upgrade Your Life",49.05,In stock,16,3,43c6a960757cf559
71,The Art Forger,40.76,In stock,16,3,80cfab6bcff3a244
72,The Age of Genius: The Seventeenth Century and the Birth of the Modern Mind,19.73,In stock,16,1,a3d2a4250807f1e9
73,The Activist's Tao Te Ching: Ancient Advice for a Modern Revolution,32.24,In stock,16,5,7d6d2a6c0276f81b
74,Spark Joy: An Illustrated Master Class on the Art of Organizing and Tidying Up,41.83,In stock,16,4,87b0615b6e1f4d7b
75,Soul Reader,39.58,In stock,16,2,e6af5bf1163c1151
76,Security,39.25,In stock,16,2,6f78a0d744c35456
77,"Saga, Volume 6 (Saga (Collected Editions) #6)",25.02,In stock,16,3,c849f0b2f5d6a742
78,"Saga, Volume 5 (Saga (Collected Editions) #5)",51.04,In stock,16,2,53a3d11bb568cc8b
79,Reskilling America: Learning to Labor in the Twenty-First Century,19.83,In stock,16,2,d7310206583a54b6
80,"Rat Queens, Vol. 3: Demons (Rat Queens (Collected Editions) #11-15)",50.4,In stock,16,3,c82a3e358c773c73
81,"Princess Jellyfish 2-in-1 Omnibus, Vol. 01 (Princess Jellyfish 2-in-1 Omnibus #1)",13.61,In stock,16,5,0fa6dceead7ce47a
82,Princess Between Worlds (Wide-Awake Princess #5),13.34,In stock,16,5,0e691eda369f4e09
83,"Pop Gun War, Volume 1: Gift",18.97,In stock,16,1,e80f8e518b300dfe
84,"Political Suicide: Missteps, Peccadilloes, Bad Calls, Backroom Hijinx, Sordid Pasts, Rotten Breaks, and Just Plain Dumb Mistakes in the Annals of American Politics",36.28,In stock,16,2,7392c0032f92d816
85,Patience,10.16,In stock,16,3,9429b4d59c537af5
86,"Outcast, Vol. 1: A Darkness Surrounds Him (Outcast #1)",15.44,In stock,16,4,889139b8e9c4cb36
87,orange: The Complete Collection 1 (orange: The Complete Collection #1),48.41,In stock,16,1,11809b1d323b3057
88,Online Marketing for Busy Authors: A Step-By-Step Guide,46.35,In stock,16,1,9ffa38d3b832433a
89,On a Midnight Clear,14.07,In stock,16,3,b757c0c361e689ce
90,Obsidian (Lux #1),14.86,In stock,16,2,3c346ab1e76ae1f6
91,My Paris Kitchen: Recipes and Stories,33.37,In stock,16,2,784bc2279baa878d
92,Masks and Shadows,56.4,In stock,16,2,fa9610a50a1bf149
93,"Mama Tried: Traditional Italian Cooking for the Screwed, Crude, Vegan, and Tattooed",14.02,In stock,16,4,72f9d5be3472d34e
94,"Lumberjanes, Vol. 2: Friendship to the Max (Lumberjanes #5-8)",46.91,In stock,16,2,460089f796fb3f82
95,"Lumberjanes, Vol. 1: Beware the Kitten Holy (Lumberjanes #1-4)",45.61,In stock,16,3,b6ee99bcf06fc91f
96,Lumberjanes Vol. 3: A Terrible Plan (Lumberjanes #9-12),19.92,In stock,16,2,57e5a4d515c8ce44
97,"Layered: Baking, Building, and Styling Spectacular Cakes",40.11,In stock,16,1,7b75cc7f223791f4
98,Judo: Seven Steps to Black Belt (an Introductory Guide for Beginners),53.9,In stock,16,2,228f74b74f3a08ae
99,Join,35.67,In stock,16,5,18ad3ed896c7ce05
100,In the Country We Love: My Family Divided,22.0,In stock,16,4,b136b1b180ca753a
101,Immunity: How Elie Metchnikoff Changed the Course of Modern Medicine,57.36,In stock,16,5,e4f74c16de34d440
102,"I Hate Fairyland, Vol. 1: Madly Ever After (I Hate Fairyland (Compilations) #1-5)",29.17,In stock,16,2,8d4eefad7a2b3915
103,I am a Hero Omnibus Volume 1,54.63,In stock,16,3,1c89ae5bb804e4de
104,How to Be Miserable: 40 Strategies You Already Use,46.03,In stock,16,1,a6f99b9e687f9d46
105,Her Backup Boyfriend (The Sorensen Family #1),33.97,In stock,16,1,2a97cffe61c3c4c7
106,"Giant Days, Vol. 2 (Giant Days #5-8)",22.11,In stock,16,2,f2df3bb043a8abb0
107,Forever and Forever: The Courtship of Henry Longfellow and Fanny Appleton,29.69,In stock,16,3,9beb96a2300109d7
108,First and First (Five Boroughs #3),15.97,In stock,16,4,9e28048cea8d41f7
109,Fifty Shades Darker (Fifty Shades #2),21.96,In stock,16,1,7add3f8e49ec0826
110,Everydata: The Misinformation Hidden in the Little Data You Consume Every Day,54.35,In stock,16,2,311c0dd0e354a33e
111,"Don't Be a Jerk: And Other Practical Advice from Dogen, Japan's Greatest Zen Master",37.97,In stock,16,2,fce19f9b4a943f22
112,Danganronpa Volume 1,51.99,In stock,16,4,09b6cc87e62c2c58
113,Crown of Midnight (Throne of Glass #2),43.29,In stock,16,3,7267864328ae8b9d
114,"Codename Baboushka, Volume 1: The Conclave of Death",36.72,In stock,16,4,8754c83ab2a7ae71
115,Camp Midnight,17.08,In stock,16,4,7b599c8bfcdd8d30
116,Call the Nurse: True Stories of a Country Nurse on a Scottish Isle,29.14,In stock,16,5,bee3672891cca906
117,Burning,28.81,In stock,16,3,5ceb951f629700a2
118,Bossypants,49.46,In stock,16,2,74baabfc8fd84b38
119,"Bitch Planet, Vol. 1: Extraordinary Machine (Bitch Planet (Collected Editions))",37.92,In stock,16,2,bdf415fd484ea8a7
120,"Avatar: The Last Airbender: Smoke and Shadow, Part 3 (Smoke and Shadow #3)",28.09,In stock,16,2,6d5300b2d8f37e07
121,Algorithms to Live By: The Computer Science of Human Decisions,30.81,In stock,16,1,38d45839cb1c83c1
122,A World of Flavor: Your Gluten Free Passport,42.95,In stock,16,1,70ed59f194b3c556
123,"A Piece of Sky, a Grain of Rice: A Memoir in Four Meditations",56.76,In stock,16,5,8a380641491d43ed
124,A Murder in Time,16.64,In stock,16,1,f733e8c19d40ec2e
125,A Flight of Arrows (The Pathfinders #2),55.53,In stock,16,5,3a6fb983e2554023
126,A Fierce and Subtle Poison,28.13,In stock,16,4,842790dfaa937484
127,A Court of Thorns and Roses (A Court of Thorns and Roses #1),52.37,In stock,16,1,01d2001ac1e6f8a3
128,(Un)Qualified: How God Uses Broken People to Do Big Things,54.0,In stock,16,5,e4ac92d89b946781
129,You Are What You Love: The Spiritual Power of Habit,21.87,In stock,15,4,796c87ddbbaaf8c5
130,"William Shakespeare's Star Wars: Verily, A New Hope (William Shakespeare's Star Wars #4)",43.3,In stock,15,4,9270575728a13a61
131,Tuesday Nights in 1980,21.04,In stock,15,2,b8736690cf263a3c
132,Tracing Numbers on a Train,41.6,In stock,15,3,d7d6d50c1e3d0b81
133,Throne of Glass (Throne of Glass #1),35.07,In stock,15,3,590a9cccf7db9f7d
134,Thomas Jefferson and the Tripoli Pirates: The Forgotten War That Changed American History,59.64,In stock,15,1,de3f25248ba0789f
135,Thirteen Reasons Why,52.72,In stock,15,1,bc2a85fd35fdc7bd
136,The White Cat and the Monk: A Retelling of the Poem “Pangur Bán”,58.08,In stock,15,4,37c0cb19713d8dda
137,The Wedding Dress,24.12,In stock,15,1,623e1a180426039b
138,The Vacationers,42.15,In stock,15,4,fd3a622648667296
139,The Third Wave: An Entrepreneur’s Vision of the Future,12.61,In stock,15,5,3bebf34ee9330cbd
140,The Stranger,17.44,In stock,15,4,f5a92cff83897d48
141,The Shadow Hero (The Shadow Hero),33.14,In stock,15,1,d6361d16212664ed
142,The Secret (The Secret #1),27.37,In stock,15,4,961f18db4f138211
143,The Regional Office Is Under Attack!,51.36,In stock,15,5,0651062381f0636a
144,The Psychopath Test: A Journey Through the Madness Industry,36.0,In stock,15,2,e98a4efa85070c2f
145,The Project,10.65,In stock,15,1,790ef197c8f236f5
146,The Power of Now: A Guide to Spiritual Enlightenment,43.54,In stock,15,2,8ec14b1576cb7cb5
147,The Omnivore's Dilemma: A Natural History of Four Meals,38.21,In stock,15,2,209adad1015af86f
148,The Nerdy Nummies Cookbook: Sweet Treats for the Geek in All of Us,37.34,In stock,15,5,e4c7f3487d17fd42
149,The Murder of Roger Ackroyd (Hercule Poirot #4),44.1,In stock,15,4,c7b5183f4d1d4efe
150,The Mistake (Off-Campus #2),43.29,In stock,15,3,99ff4cc6491e8f5c
151,The Matchmaker's Playbook (Wingmen Inc. #1),55.85,In stock,15,1,08db62f24627e71f
152,The Love and Lemons Cookbook: An Apple-to-Zucchini Celebration of Impromptu Cooking,37.6,In stock,15,2,e28e330cbdf01126
153,The Long Shadow of Small Ghosts: Murder and Memory in an American City,10.97,In stock,15,1,abeafe151a587d3b
154,The Kite Runner,41.82,In stock,15,4,eac1a180047ad54e
155,The House by the Lake,36.95,In stock,15,1,9287e238d7c3b06e
156,The Glittering Court (The Glittering Court #1),44.28,In stock,15,1,2dbb7ec08cdd7f3c
157,The Girl on the Train,55.02,In stock,15,2,e956d67c9bcc5809
158,The Genius of Birds,17.24,In stock,15,1,42d0d7c92b75fc1c
159,The Emerald Mystery,23.15,In stock,15,2,d6670dfe3e7b42bd
160,The Cookies & Cups Cookbook: 125+ sweet & savory recipes reminding you to Always Eat Dessert First,41.25,In stock,15,1,96a38e7c813d8f1d
161,The Bridge to Consciousness: I'm Writing the Bridge Between Science and Our Old and New Beliefs.,32.0,In stock,15,3,efc3768127714ec3
162,The Artist's Way: A Spiritual Path to Higher Creativity,38.49,In stock,15,5,dd047728de72ad62
163,The Art of War,33.34,In stock,15,5,e7469e22b5bfb3e7
164,The Argonauts,10.93,In stock,15,2,c99761a700ade23f
165,The 10% Entrepreneur: Live Your Startup Dream Without Quitting Your Day Job,27.55,In stock,15,3,56e4f9eab2e8e674
166,Suddenly in Love (Lake Haven #1),55.99,In stock,15,2,203b7f94b7d6115f
167,Something More Than This,16.24,In stock,15,4,ca71e72655bece85
168,Soft Apocalypse,26.12,In stock,15,2,2a70769cdc6eb8b8
169,So You've Been Publicly Shamed,12.23,In stock,15,2,1b33663ad7b95fd8
170,Shoe Dog: A Memoir by the Creator of NIKE,23.99,In stock,15,2,0e0dcc3339602b28
171,"Shobu Samurai, Project Aryoku (#3)",29.06,In stock,15,3,0c27e6c3744fc14b
172,Secrets and Lace (Fatal Hearts #1),20.27,In stock,15,1,ad04ad9fc179fc5d
173,Scarlett Epstein Hates It Here,43.55,In stock,15,5,1c929cfd16b71907
174,Romero and Juliet: A Tragic Tale of Love and Zombies,36.94,In stock,15,1,e656e280bc8edd56
175,Redeeming Love,20.47,In stock,15,5,b53db2271c9624f7
176,Poses for Artists Volume 1 - Dynamic and Sitting Poses: An Essential Reference for Figure Drawing and the Human Form,41.06,In stock,15,1,d9c643fa1fc57bdb
177,Poems That Make Grown Women Cry,14.19,In stock,15,4,31001a1210623bd4
178,"Nightingale, Sing",38.28,In stock,15,1,50b8f80311b31ede
179,Night Sky with Exit Wounds,41.05,In stock,15,1,cfeb1e1e0e695b58
180,Mrs. Houdini,30.25,In stock,15,5,a40723994f715420
181,Modern Romance,28.26,In stock,15,5,caf4fe9311f1dc59
182,Miss Peregrine’s Home for Peculiar Children (Miss Peregrine’s Peculiar Children #1),10.76,In stock,15,1,af96613fdd793a3c
183,Louisa: The Extraordinary Life of Mrs. Adams,16.85,In stock,15,2,d69dd8dac66f9f84
184,Little Red,13.47,In stock,15,3,4aa03792b50f0b22
185,Library of Souls (Miss Peregrine’s Peculiar Children #3),48.56,In stock,15,5,ba54932df84e8cea
186,Large Print Heart of the Pride,19.15,In stock,15,2,c1afd71fc86bf682
187,I Had a Nice Time And Other Lies...: How to find love & sh*t like that,57.36,In stock,15,4,fd8585283fc7d2d7
188,Hollow City (Miss Peregrine’s Peculiar Children #2),42.98,In stock,15,1,4ce91d31c1e57c33
189,Grumbles,22.16,In stock,15,2,d163dd6c352fbcd2
190,Full Moon over Noah’s Ark: An Odyssey to Mount Ararat and Beyond,49.43,In stock,15,4,ce60436f52c5ee68
191,Frostbite (Vampire Academy #2),29.99,In stock,15,5,116a2fdc9a45bab0
192,Follow You Home,21.36,In stock,15,1,8585760646e3aa2a
193,First Steps for New Christians (Print Edition),29.0,In stock,15,1,2f88b08bf0a0e367
194,Finders Keepers (Bill Hodges Trilogy #2),53.53,In stock,15,5,edb3097e71330040
195,"Fables, Vol. 1: Legends in Exile (Fables #1)",41.62,In stock,15,4,65d034adf80834b7
196,Eureka Trivia 6.0,54.59,In stock,15,4,29c0025455f8c585
197,Drive: The Surprising Truth About What Motivates Us,34.95,In stock,15,4,6ffb36aaeff1c81e
198,Done Rubbed Out (Reightman & Bailey #1),37.72,In stock,15,5,f6d967cdadc6fbd9
199,Doing It Over (Most Likely To #1),35.61,In stock,15,3,3a11bb962ff45b78
200,"Deliciously Ella Every Day: Quick and Easy Recipes for Gluten-Free Snacks, Packed Lunches, and Simple Meals",42.16,In stock,15,3,46c1530d7546ea6d
201,Dark Notes,19.19,In stock,15,5,88c21fcd38e2486e
202,"Daring Greatly: How the Courage to Be Vulnerable Transforms the Way We Live, Love, Parent, and Lead",19.43,In stock,15,3,3b9a3b4624b7fd6d
203,Close to You,49.46,In stock,15,4,a57b1dcbd6849222
204,Chasing Heaven: What Dying Taught Me About Living,37.8,In stock,15,2,513271dadc1322ae
205,Big Magic: Creative Living Beyond Fear,30.8,In stock,15,3,1f329c2e7d7de8bd
206,Becoming Wise: An Inquiry into the Mystery and Art of Living,27.43,In stock,15,2,919e7cb2269a25d2
207,Beauty Restored (Riley Family Legacy Novellas #3),11.11,In stock,15,2,3f69e667a67e54d9
208,Batman: The Long Halloween (Batman),36.5,In stock,15,2,7edc0527cf782e19
209,Batman: The Dark Knight Returns (Batman),15.38,In stock,15,5,47271d8e08b5d31c
210,Ayumi's Violin,15.48,In stock,15,2,05f7c6d9a4e582d3
211,Anonymous,46.82,In stock,15,4,d24b829be2ca81c4
212,Amy Meets the Saints and Sages,18.46,In stock,15,3,7ebfa6c1bee69e1e
213,Amid the Chaos,36.58,In stock,15,1,bb8245f52c7cce8f
214,Amatus,50.54,In stock,15,5,ffd54178acc9a6a5
215,Agnostic: A Spirited Manifesto,12.51,In stock,15,5,d195e7f4ed697350
216,Zealot: The Life and Times of Jesus of Nazareth,24.7,In stock,14,3,dd5bfa6cc2c0ecc3
217,You (You #1),43.61,In stock,14,5,024387ca4cafd5cc
218,"Wonder Woman: Earth One, Volume One (Wonder Woman: Earth One #1)",37.34,In stock,14,4,047097293bb4d1c0
219,Wild Swans,14.36,In stock,14,2,3fb15ace50d6142b
220,Why the Right Went Wrong: Conservatism--From Goldwater to the Tea Party and Beyond,52.65,In stock,14,4,2b5054a4192e9b06
221,Whole Lotta Creativity Going On: 60 Fun and Unusual Exercises to Awaken and Strengthen Your Creativity,38.2,In stock,14,4,44a10f1ac8ce822e
222,What's It Like in Space?: Stories from Astronauts Who've Been There,19.6,In stock,14,2,6fd646a334e6e133
223,"We Are Robin, Vol. 1: The Vigilante Business (We Are Robin #1)",53.9,In stock,14,1,92275cedf6d8ee15
224,Walt Disney's Alice in Wonderland,12.96,In stock,14,5,6a31307a81e8f3a8
225,V for Vendetta (V for Vendetta Complete),37.1,In stock,14,4,4a1debca3135ff37
226,Until Friday Night (The Field Party #1),46.31,In stock,14,2,aba2db9afb1469c7
227,"Unbroken: A World War II Story of Survival, Resilience, and Redemption",45.95,In stock,14,2,76c84daa539426e2
228,Twenty Yawns,22.08,In stock,14,2,1d6443ffba9dfd80
229,Through the Woods,25.38,In stock,14,2,6e44bcbeac7f4360
230,This Is Where It Ends,27.12,In stock,14,2,f0f38174a7e689a3
231,The Year of Magical Thinking,43.04,In stock,14,2,34c0d7c4ee5650af
232,The Wright Brothers,56.8,In stock,14,4,08b2f71d93836313
233,The White Queen (The Cousins' War #1),25.91,In stock,14,5,6875c5657661b2fb
234,The Wedding Pact (The O'Malleys #2),32.61,In stock,14,3,c5cb9f885d8b3621
235,The Time Keeper,27.88,In stock,14,5,e9906e2f0d189745
236,The Testament of Mary,52.67,In stock,14,4,081305e6df719dff
237,The Star-Touched Queen,46.02,In stock,14,5,1528279aec1f3dce
238,The Songs of the Gods,44.48,In stock,14,5,00c4543ec6bd25b4
239,The Song of Achilles,37.4,In stock,14,5,e88fb1c9397cfb27
240,The Rosie Project (Don Tillman #1),54.04,In stock,14,1,012094e90a4b908d
241,The Power of Habit: Why We Do What We Do in Life and Business,16.88,In stock,14,3,6bdd909329435e80
242,The Marriage of Opposites,28.08,In stock,14,4,52cf2a5933ec5d8f
243,The Lucifer Effect: Understanding How Good People Turn Evil,10.4,In stock,14,1,4e812d32d64e2431
244,The Long Haul (Diary of a Wimpy Kid #9),44.07,In stock,14,1,f21effc079a2b38a
245,The Loney,23.4,In stock,14,1,2d88a31f325dfd3b
246,The Literature Book (Big Ideas Simply Explained),17.43,In stock,14,3,4881cc53f6c8892f
247,The Last Mile (Amos Decker #2),54.21,In stock,14,2,3bc89353f7e3a3cc
248,The Immortal Life of Henrietta Lacks,40.67,In stock,14,2,f72f61ad6a5f12ed
249,The Hidden Oracle (The Trials of Apollo #1),52.26,In stock,14,2,992974ba6a0536ea
250,The Help Yourself Cookbook for Kids: 60 Easy Plant-Based Recipes Kids Can Make to Stay Healthy and Save the Earth,28.77,In stock,14,3,ddc8340dabc8641b
251,The Guilty (Will Robie #4),13.82,In stock,14,2,847935fc68707426
252,The First Hostage (J.B. Collins #2),25.85,In stock,14,3,a86972014275e072
253,The Dovekeepers,48.78,In stock,14,1,3d76bc83c6b644c9
254,The Darkest Lie,35.35,In stock,14,5,6edacfd1f8ebb9eb
255,The Bane Chronicles (The Bane Chronicles #1-11),44.73,In stock,14,4,dc6f688b82e42a5b
256,The Bad-Ass Librarians of Timbuktu: And Their Race to Save the World’s Most Precious Manuscripts,15.77,In stock,14,1,923831a05c9f91f7
257,The 14th Colony (Cotton Malone #11),39.24,In stock,14,1,1b8187fa4bf6ab05
258,That Darkness (Gardiner and Renner #1),13.92,In stock,14,1,0c7b9cf2b7662b65
259,Tastes Like Fear (DI Marnie Rome #3),10.69,In stock,14,1,2d1e337aaf341858
260,Take Me with You,45.21,In stock,14,3,2c04320e110a14a3
261,Swell: A Year of Waves,45.58,In stock,14,1,4c8b7540409da4ac
262,Superman Vol. 1: Before Truth (Superman by Gene Luen Yang #1),11.89,In stock,14,5,ac8e3949d284e9a9
263,Still Life with Bread Crumbs,26.41,In stock,14,3,fe44cc816576c652
264,Steve Jobs,39.5,In stock,14,5,95019eac1c0a052f
265,Sorting the Beef from the Bull: The Science of Food Fraud Forensics,44.74,In stock,14,4,3edcccc4f341fb1a
266,Someone Like You (The Harrisons #2),52.79,In stock,14,5,a278db6b2b09cf9f
267,"So Cute It Hurts!!, Vol. 6 (So Cute It Hurts!! #6)",35.43,In stock,14,4,394f6d30cafc3edb
268,Shtum,55.84,In stock,14,4,830fb3967c74866d
269,See America: A Celebration of Our National Parks & Treasured Sites,48.87,In stock,14,3,f9705c362f070608
270,salt.,46.78,In stock,14,4,86cbddb61ea78bb7
271,Robin War,47.82,In stock,14,3,85b2176b3b194030
272,"Red Hood/Arsenal, Vol. 1: Open for Business (Red Hood/Arsenal #1)",25.48,In stock,14,2,31e2e2d9cca3778f
273,Rain Fish,23.57,In stock,14,3,a6454e329f872b78
274,"Quarter Life Poetry: Poems for the Young, Broke and Hangry",50.89,In stock,14,5,aa35446aab16017f
275,Pet Sematary,10.56,In stock,14,3,af58a74e4b2a23a0
276,"Overload: How to Unplug, Unwind, and Unleash Yourself from the Pressure of Stress",52.15,In stock,14,3,8ecf0356a3878811
277,Once Was a Time,18.28,In stock,14,2,e34efcc824685332
278,Old School (Diary of a Wimpy Kid #10),11.83,In stock,14,5,02b74068fa98d8a4
279,No Dream Is Too High: Life Lessons From a Man Who Walked on the Moon,21.95,In stock,14,2,132ec5e8c984adef
280,"Naruto (3-in-1 Edition), Vol. 14: Includes Vols. 40, 41 & 42 (Naruto: Omnibus #14)",38.39,In stock,14,2,71e36f33981ddb74
281,My Name Is Lucy Barton,41.56,In stock,14,1,727bf2b86b19ad88
282,My Mrs. Brown,24.48,In stock,14,3,cc82685d9f49bc2c
283,My Kind of Crazy,40.36,In stock,14,1,137b0b2775701e11
284,Mr. Mercedes (Bill Hodges Trilogy #1),28.9,In stock,14,1,caa2e5b3fb1b2d4c
285,More Than Music (Chasing the Dream #1),37.61,In stock,14,2,47d47155e89c8be7
286,Made to Stick: Why Some Ideas Survive and Others Die,38.85,In stock,14,5,b96fc7a0ea7d4b45
287,Luis Paints the World,53.95,In stock,14,3,5b43cae640f2338a
288,Luckiest Girl Alive,49.83,In stock,14,3,d512871626a5e588
289,Lowriders to the Center of the Earth (Lowriders in Space #2),51.51,In stock,14,2,a10c7515834240f3
290,Love Is a Mix Tape (Music #1),18.03,In stock,14,1,adb5f51c2e2ab13f
291,Looking for Lovely: Collecting the Moments that Matter,29.14,In stock,14,5,24af96df0bafb925
292,"Living Leadership by Insight: A Good Leader Achieves, a Great Leader Builds Monuments",46.91,In stock,14,4,17fb5a88180f9904
293,Let It Out: A Journey Through Journaling,26.79,In stock,14,5,1174156c4a0eccaa
294,Lady Midnight (The Dark Artifices #1),16.28,In stock,14,5,708345c9897fd7c5
295,"It's All Easy: Healthy, Delicious Weeknight Meals in under 30 Minutes",19.55,In stock,14,1,245e6bf08b8d2955
296,Island of Dragons (Unwanteds #7),29.65,In stock,14,1,2b52334fab158861
297,I Know What I'm Doing -- and Other Lies I Tell Myself: Dispatches from a Life Under Construction,25.98,In stock,14,4,b8a8ff84233f0570
298,I Am Pilgrim (Pilgrim #1),10.6,In stock,14,4,aeff7b87a8e83ebb
299,"Hyperbole and a Half: Unfortunate Situations, Flawed Coping Mechanisms, Mayhem, and Other Things That Happened",14.75,In stock,14,5,fbb21a2f71f4d981
300,"Hush, Hush (Hush, Hush #1)",47.02,In stock,14,3,6b6cd77fbc91b7a6
301,Hold Your Breath (Search and Rescue #1),28.82,In stock,14,1,0b165bd4b9f42fd5
302,Hamilton: The Revolution,58.79,In stock,14,3,afa829857f82f99e
303,Greek Mythic History,10.23,In stock,14,5,f201f263d8c23f97
304,God: The Most Unpleasant Character in All Fiction,30.03,In stock,14,5,eec424a84c9e4c68
305,Glory over Everything: Beyond The Kitchen House,45.84,In stock,14,3,de4b403cb629a29f
306,Feathers: Displays of Brilliant Plumage,49.05,In stock,14,3,9194ae88379dbf1a
307,"Far & Away: Places on the Brink of Change: Seven Continents, Twenty-Five Years",15.06,In stock,14,4,ac4dde0d1be05de0
308,Every Last Word,46.47,In stock,14,3,a2bd4ca82d908442
309,Eligible (The Austen Project #4),27.09,In stock,14,3,9eaf58b03a2779cc
310,El Deafo,57.62,In stock,14,5,27c5968fe43cc06e
311,Eight Hundred Grapes,14.39,In stock,14,4,1d6dd0c87d90fe92
312,"Eaternity: More than 150 Deliciously Easy Vegan Recipes for a Long, Healthy, Satisfied, Joyful Life",51.75,In stock,14,5,a01f6d368ef64dc5
313,"Eat Fat, Get Thin",54.07,In stock,14,2,047dfa57ba0bf638
314,Don't Get Caught,55.35,In stock,14,1,ad2887ce04583910
315,Doctor Sleep (The Shining #2),40.12,In stock,14,2,bf5de316a5e9a4ab
316,Demigods & Magicians: Percy and Annabeth Meet the Kanes (Percy Jackson & Kane Chronicles Crossover #1-3),37.51,In stock,14,5,3c6fe637a0180b01
317,Dear Mr. Knightley,11.21,In stock,14,5,94a958ea126cdcd5
318,Daily Fantasy Sports,36.58,In stock,14,1,0e94a089328be4bc
319,Crazy Love: Overwhelmed by a Relentless God,47.72,In stock,14,2,4b9d9cfe0f435788
320,Cometh the Hour (The Clifton Chronicles #6),25.01,In stock,14,3,28cf0d1c51b491e5
321,Code Name Verity (Code Name Verity #1),22.13,In stock,14,4,33a3e0e3ffde0dcd
322,Clockwork Angel (The Infernal Devices #1),44.14,In stock,14,1,42b0c50fc44140ec
323,City of Glass (The Mortal Instruments #3),56.02,In stock,14,4,966ebb738e0f9d9b
324,City of Fallen Angels (The Mortal Instruments #4),11.23,In stock,14,4,1e264c677d4ee4ae
325,City of Bones (The Mortal Instruments #1),43.28,In stock,14,1,5b987e54ee72525c
326,City of Ashes (The Mortal Instruments #2),47.27,In stock,14,1,8a6ec2761f91dad2
327,Cell,20.29,In stock,14,4,bfbb54bc8cdeed2b
328,Catching Jordan (Hundred Oaks),50.83,In stock,14,3,e2e7b683b4c15b7d
329,"Carry On, Warrior: Thoughts on Life Unarmed",31.85,In stock,14,3,1b0fc9f777cad045
330,Carrie,46.23,In stock,14,2,5f22418922fa728b
331,Buying In: The Secret Dialogue Between What We Buy and Who We Are,37.8,In stock,14,4,16ef91b9d827859c
332,Brain on Fire: My Month of Madness,49.32,In stock,14,5,a80f66b254fe9eb3
333,Batman: Europa,32.01,In stock,14,2,bf68dcb5fad3cc8c
334,Barefoot Contessa Back to Basics,28.01,In stock,14,1,999912e63a3262ae
335,Barefoot Contessa at Home: Everyday Recipes You'll Make Over and Over Again,50.62,In stock,14,5,0e0da9192a025efc
336,Balloon Animals,17.03,In stock,14,3,9b65f676984c9f0c
337,Art Ops Vol. 1,48.8,In stock,14,3,ffdc825785c0ede8
338,Aristotle and Dante Discover the Secrets of the Universe (Aristotle and Dante Discover the Secrets of the Universe #1),58.14,In stock,14,4,41164b8ac02a2c42
339,Angels Walking (Angels Walking #1),34.2,In stock,14,2,1fbb5f786e53a0ce
340,Angels & Demons (Robert Langdon #1),51.48,In stock,14,3,ad41c24ccac0c7ce
341,All the Light We Cannot See,29.87,In stock,14,5,39861fc1c0845d15
342,"Adulthood Is a Myth: A ""Sarah's Scribbles"" Collection",10.9,In stock,14,2,5319169a72714c62
343,Abstract City,56.37,In stock,14,5,cf1aa2fc02a7d1e0
344,A Time of Torment (Charlie Parker #14),48.35,In stock,14,5,4416c474713ec1f5
345,A Study in Scarlet (Sherlock Holmes #1),16.73,In stock,14,2,63ee5bc46066a8a8
346,"A Series of Catastrophes and Miracles: A True Story of Love, Science, and Cancer",56.48,In stock,14,2,c1379d3744f1dd2c
347,A People's History of the United States,40.79,In stock,14,2,1ad06aed9349af46
348,A Man Called Ove,39.72,In stock,14,1,8682c03de6a844ff
349,A Distant Mirror: The Calamitous 14th Century,14.58,In stock,14,3,d5e0526e1ab682a3
350,A Brush of Wings (Angels Walking #3),55.51,In stock,14,1,01a177623cce9596
351,1491: New Revelations of the Americas Before Columbus,21.8,In stock,14,3,6e8e5626ac4d279e
352,"The Three Searches, Meaning, and the Story",13.33,In stock,13,3,ac5e0d3938caf686
353,Searching for Meaning in Gailana,38.73,In stock,13,1,2f0213137a80d485
354,Rook,37.86,In stock,13,4,44d97b6707dae3f0
355,My Kitchen Year: 136 Recipes That Saved My Life,11.53,In stock,13,2,8bbd7df8a324f31d
356,13 Hours: The Inside Account of What Really Happened In Benghazi,27.06,In stock,13,1,4be9d1910f8a4e80
357,Will You Won't You Want Me?,13.86,In stock,12,3,077b635ff2afc578
358,Tipping Point for Planet Earth: How Close Are We to the Edge?,37.55,In stock,12,1,148715df5a02ea5e
359,The Star-Touched Queen,32.3,In stock,12,5,4a7a25be293ad678
360,The Silent Sister (Riley MacPherson #1),46.29,In stock,12,5,ce1ae197ada2aec4
361,The Midnight Watch: A Novel of the Titanic and the Californian,26.2,In stock,12,1,14e44163678e24dc
362,The Lonely City: Adventures in the Art of Being Alone,33.26,In stock,12,2,582a21a1dbbef3cf
363,The Gray Rhino: How to Recognize and Act on the Obvious Dangers We Ignore,59.15,In stock,12,4,3063c7e95d0bf76f
364,The Golden Condom: And Other Essays on Love Lost and Found,39.43,In stock,12,1,235fa48eeed11d82
365,The Epidemic (The Program 0.6),14.44,In stock,12,5,f732d7d18a91d2ba
366,The Dinner Party,56.54,In stock,12,2,c6ca293d4810e0d5
367,The Diary of a Young Girl,59.9,In stock,12,3,54fc03f1e1d355db
368,The Children,11.88,In stock,12,3,64fd010bf8d15096
369,Stars Above (The Lunar Chronicles #4.5),48.05,In stock,12,2,b63ea3f7a57ae099
370,Snatched: How A Drug Queen Went Undercover for the DEA and Was Kidnapped By Colombian Guerillas,21.21,In stock,12,3,f40fea200e0c644f
371,Raspberry Pi Electronics Projects for the Evil Genius,49.67,In stock,12,4,ebf81a62e4798fd1
372,Quench Your Own Thirst: Business Lessons Learned Over a Beer or Two,43.14,In stock,12,1,8976d9161c027142
373,Psycho: Sanitarium (Psycho #1.5),36.97,In stock,12,5,b8d7b3f5c7a95d65
374,Poisonous (Max Revere Novels #3),26.8,In stock,12,3,abdd91e96515a617
375,One with You (Crossfire #5),15.71,In stock,12,4,81ef44fcc5f454df
376,No Love Allowed (Dodge Cove #1),54.65,In stock,12,4,db84624b151cbe06
377,Murder at the 42nd Street Library (Raymond Ambler #1),54.36,In stock,12,4,e7fe3bf2768602cf
378,Most Wanted,35.28,In stock,12,3,c039f5aceb093537
379,"Love, Lies and Spies",20.55,In stock,12,2,9546d537fbf99eb6
380,How to Speak Golf: An Illustrated Guide to Links Lingo,58.32,In stock,12,5,b978c9852cde91bd
381,Hide Away (Eve Duncan #20),11.84,In stock,12,1,bddc6fd036eb6279
382,Furiously Happy: A Funny Book About Horrible Things,41.46,In stock,12,4,c6a29d6df8de968c
383,Everyday Italian: 125 Simple and Delicious Recipes,20.1,In stock,12,5,76319fe9d8b465a3
384,Equal Is Unfair: America's Misguided Fight Against Income Inequality,56.86,In stock,12,1,3968e3fbf4695d7c
385,Eleanor & Park,56.51,In stock,12,5,6983328f15506cb9
386,Dirty (Dive Bar #1),40.83,In stock,12,4,df7e628bad5782b4
387,Can You Keep a Secret? (Fear Street Relaunch #4),48.64,In stock,12,1,d069086944f2e330
388,Boar Island (Anna Pigeon #19),59.48,In stock,12,3,49b24c6a41b82bd2
389,A Paris Apartment,39.01,In stock,12,4,63343e287971bb0c
390,"A la Mode: 120 Recipes in 60 Pairings: Pies, Tarts, Cakes, Crisps, and More Topped with Ice Cream, Gelato, Frozen Custard, and More",38.77,In stock,12,1,a4eef523118805ef
391,Troublemaker: Surviving Hollywood and Scientology,48.39,In stock,11,2,515cb8fcafb1ad98
392,The Widow,27.26,In stock,11,2,6159d8b187831770
393,"The Sleep Revolution: Transforming Your Life, One Night at a Time",11.68,In stock,11,4,985991708c47003e
394,The Improbability of Love,59.45,In stock,11,1,437d8dea9272d0a9
395,The Art of Startup Fundraising,21.0,In stock,11,3,1c584f82a7a1c4f0
396,Take Me Home Tonight (Rock Star Romance #3),53.98,In stock,11,3,cf62fa272b5f0fa3
397,Sleeping Giants (Themis Files #1),48.74,In stock,11,1,f435aa99d864077d
398,"Setting the World on Fire: The Brief, Astonishing Life of St. Catherine of Siena",21.15,In stock,11,2,b06599b108e83f98
399,Playing with Fire,13.71,In stock,11,3,05a61a3bd8ca4149
400,Off the Hook (Fishing for Trouble #1),47.67,In stock,11,3,b783ce08802cd1d1
401,Mothering Sunday,13.34,In stock,11,2,47e1b2d43f709995
402,"Mother, Can You Not?",16.89,In stock,11,5,28b2df9fadc9f07e
403,M Train,27.18,In stock,11,1,5569c3fea112718e
404,Lilac Girls,17.28,In stock,11,2,bade9943ee01b63f
405,Lies and Other Acts of Love,45.14,In stock,11,1,469508882dfc1991
406,Lab Girl,40.85,In stock,11,1,825d6c44da3ca5a6
407,Keep Me Posted,20.46,In stock,11,4,20dc4f1ac5d4fd9c
408,It Didn't Start with You: How Inherited Family Trauma Shapes Who We Are and How to End the Cycle,56.27,In stock,11,3,ce8666d9b42fc9a0
409,Grey (Fifty Shades #4),48.49,In stock,11,4,b5953ca1f8a0b8d7
410,"Exit, Pursued by a Bear",51.34,In stock,11,4,c65c25d990fc7025
411,Daredevils,16.34,In stock,11,3,f608c903c451f387
412,Cravings: Recipes for What You Want to Eat,20.5,In stock,11,3,2587c54f5530dafc
413,Born for This: How to Find the Work You Were Meant to Do,21.59,In stock,11,5,816180220e8cb419
414,Arena,21.36,In stock,11,4,2c34f9432069b52b
415,Adultery,20.88,In stock,11,5,bb967277222e689c
416,A Mother's Reckoning: Living in the Aftermath of Tragedy,19.53,In stock,11,3,2b69dec0193511d9
417,A Gentleman's Position (Society of Gentlemen #3),14.75,In stock,11,5,40c4bf520c17de54
418,11/22/63,48.48,In stock,11,3,a9d7b75461084a26
419,"10% Happier: How I Tamed the Voice in My Head, Reduced Stress Without Losing My Edge, and Found Self-Help That Actually Works",24.57,In stock,10,2,34669b2e9d407d3a
420,10-Day Green Smoothie Cleanse: Lose Up to 15 Pounds in 10 Days!,49.71,In stock,10,5,96aa539bfd4c07e2
421,Without Shame,48.27,In stock,9,5,ab60e6f5a63e1cfb
422,Watchmen,58.05,In stock,9,4,d1848064c54e01c7
423,Unlimited Intuition Now,58.87,In stock,9,4,4fd0a2a350f016e6
424,Underlying Notes,11.82,In stock,9,2,0967effecd292a86
425,The Shack,28.03,In stock,9,1,903a9f8090104c2c
426,The New Brand You: Your New Image Makes the Sale for You,44.05,In stock,9,5,4b50fb1359ebf35d
427,"The Moosewood Cookbook: Recipes from Moosewood Restaurant, Ithaca, New York",12.34,In stock,9,4,65cfc9f242c2984a
428,The Flowers Lied,16.68,In stock,9,2,33396269bcce166f
429,"The Fabric of the Cosmos: Space, Time, and the Texture of Reality",55.91,In stock,9,1,ca74f2e3c35a3e77
430,The Book of Mormon,24.57,In stock,9,3,3f25a2fedae191cc
431,The Art and Science of Low Carbohydrate Living,52.98,In stock,9,5,f9c87ccb2bc4853b
432,The Alien Club,54.4,In stock,9,1,e77594ece9b9d1fe
433,Suzie Snowflake: One beautiful flake (a self-esteem story),54.81,In stock,9,5,0e095ed785af7e43
434,Nap-a-Roo,25.08,In stock,9,1,913e7109cec0cb4c
435,"NaNo What Now? Finding your editing process, revising your NaNoWriMo book and building a writing career through publishing and beyond",10.41,In stock,9,4,ee6c67859d70186b
436,Modern Day Fables,47.44,In stock,9,2,6baac632f7711e26
437,If I Gave You God's Phone Number....: Searching for Spirituality in America,20.91,In stock,9,1,8fab4c4f6f82a4ce
438,"Fruits Basket, Vol. 9 (Fruits Basket #9)",33.95,In stock,9,4,97187f5cf0385da3
439,Dress Your Family in Corduroy and Denim,43.68,In stock,9,3,7e9068872228c474
440,Don't Forget Steven,33.23,In stock,9,1,e845d305f64154f1
441,Chernobyl 01:23:40: The Incredible True Story of the World's Worst Nuclear Disaster,35.92,In stock,9,2,7186241e043de5dc
442,Art and Fear: Observations on the Perils (and Rewards) of Artmaking,48.63,In stock,9,4,d6d9ffea95f2f8bf
443,A Shard of Ice (The Black Symphony Saga #1),56.63,In stock,9,3,63d5f1651880dcea
444,A Hero's Curse (The Unseen Chronicles #1),50.49,In stock,9,3,c181ca8eabe7d18c
445,23 Degrees South: A Tropical Tale of Changing Whether...,35.79,In stock,9,2,61cf7eb9d2cd8bb0
446,"Zero to One: Notes on Startups, or How to Build the Future",34.06,In stock,8,3,e77033ce559947f7
447,Why Not Me?,17.76,In stock,8,1,04f6c929888f4f11
448,When Breath Becomes Air,39.36,In stock,8,2,b69c852e7e3956af
449,Vagabonding: An Uncommon Guide to the Art of Long-Term World Travel,36.94,In stock,8,2,1809259a5a5f1d8d
450,The Unlikely Pilgrimage of Harold Fry (Harold Fry #1),43.62,In stock,8,5,e0bdd79c7304ee8d
451,The New Drawing on the Right Side of the Brain,43.02,In stock,8,3,3eec766dda26fa64
452,"The Midnight Assassin: Panic, Scandal, and the Hunt for America's First Serial Killer",28.45,In stock,8,4,5a0d2e9284004266
453,The Martian (The Martian #1),41.39,In stock,8,2,9afd00e81d6208e6
454,The High Mountains of Portugal,51.15,In stock,8,1,4f283dfcbeccc0d4
455,The Grownup,35.88,In stock,8,1,1bba4b1ba23ed2d6
456,The E-Myth Revisited: Why Most Small Businesses Don't Work and What to Do About It,36.91,In stock,8,1,a2308a936e898d48
457,South of Sunshine,28.93,In stock,8,1,331c26103d885cae
458,Smarter Faster Better: The Secrets of Being Productive in Life and Business,38.89,In stock,8,5,a2475a245c9907c4
459,Silence in the Dark (Logan Point #4),58.33,In stock,8,3,e46a164cf310fd7d
460,Shadows of the Past (Logan Point #1),39.67,In stock,8,5,bee6e93e9976f4fa
461,Roller Girl,14.1,In stock,8,5,aeb51dfbe8aeec59
462,Rising Strong,21.82,In stock,8,3,52fc458ffc756faf
463,Proofs of God: Classical Arguments from Tertullian to Barth,54.21,In stock,8,1,d56d0710668bb39c
464,Please Kill Me: The Uncensored Oral History of Punk,31.19,In stock,8,4,4a823d80aa30dbb0
465,Out of Print: City Lights Spotlight No. 14,53.64,In stock,8,5,c0fc0cd215ee1724
466,My Life Next Door (My Life Next Door ),36.39,In stock,8,5,9a7291b89bd5445c
467,Miller's Valley,58.54,In stock,8,2,bff270fe9c86a5a9
468,Man's Search for Meaning,29.48,In stock,8,3,4729afff3bea0f0a
469,"Love That Boy: What Two Presidents, Eight Road Trips, and My Son Taught Me About a Parent's Expectations",25.06,In stock,8,2,4d3a4c7b442a9a4e
470,Living Forward: A Proven Plan to Stop Drifting and Get the Life You Want,12.55,In stock,8,3,044534b0b28b4e87
471,Les Fleurs du Mal,29.04,In stock,8,5,c44c5e1425475206
472,Left Behind (Left Behind #1),40.72,In stock,8,2,29af1a2566c4e36e
473,Kill 'Em and Leave: Searching for James Brown and the American Soul,45.05,In stock,8,5,39eefec3a8498dde
474,Kierkegaard: A Christian Missionary to Christians,47.13,In stock,8,1,0cf57cb49272fd37
475,John Vassos: Industrial Design for Modern Life,20.22,In stock,8,4,bd26e8a79a856c31
476,I'll Give You the Sun,56.48,In stock,8,1,0ab4b35dcffcffd1
477,I Will Find You,44.21,In stock,8,1,bbf1ea50be8008ab
478,Hystopia: A Novel,21.96,In stock,8,4,0bfdef63285d3019
479,Howl and Other Poems,40.45,In stock,8,2,b7870fa6dc088fbb
480,History of Beauty,10.29,In stock,8,4,8a150fd8ff5d7686
481,Heaven is for Real: A Little Boy's Astounding Story of His Trip to Heaven and Back,52.86,In stock,8,2,d48c1369927ebef1
482,Future Shock (Future Shock #1),55.65,In stock,8,5,df6a7c43faa6732b
483,Ender's Game (The Ender Quintet #1),43.64,In stock,8,1,e049d44c4f1cf1b2
484,Diary of a Citizen Scientist: Chasing Tiger Beetles and Other New Ways of Engaging the World,28.41,In stock,8,1,0c11e2d068768dbb
485,Death by Leisure: A Cautionary Tale,37.51,In stock,8,4,4dbd54d9e36c9566
486,Brilliant Beacons: A History of the American Lighthouse,11.45,In stock,8,3,7f5157bf53065d36
487,Brazen: The Courage to Find the You That's Been Hiding,19.22,In stock,8,2,77e9ea355bd8ae57
488,Between the World and Me,56.91,In stock,8,4,04e3de7ac35ec5cd
489,Being Mortal: Medicine and What Matters in the End,55.06,In stock,8,4,15ebd83e53d0391b
490,"A Murder Over a Girl: Justice, Gender, Junior High",13.2,In stock,8,3,fef91502cbacf23a
491,32 Yolks,53.63,In stock,8,2,b1a227b7609ff263
492,"""Most Blessed of the Patriarchs"": Thomas Jefferson and the Empire of the Imagination",44.48,In stock,8,5,f16c2edb2a603f92
493,You Are a Badass: How to Stop Doubting Your Greatness and Start Living an Awesome Life,12.08,In stock,7,3,88ec621893e595d0
494,Wildlife of New York: A Five-Borough Coloring Book,22.14,In stock,7,2,b46d022080543144
495,What Happened on Beale Street (Secrets of the South Mysteries #2),25.37,In stock,7,5,9735c969c652dd89
496,Unreasonable Hope: Finding Faith in the God Who Brings Purpose to Your Pain,46.33,In stock,7,2,48cb52d78c992487
497,Under the Tuscan Sun,37.33,In stock,7,3,a94350ee74deaa07
498,Toddlers Are A**holes: It's Not Your Fault,25.55,In stock,7,1,4242cc3d0437db12
499,The Year of Living Biblically: One Man's Humble Quest to Follow the Bible as Literally as Possible,34.72,In stock,7,1,4a0b78598b42897a
500,The Whale,35.96,In stock,7,4,0ff9d10864db8364
501,The Story of Art,41.14,In stock,7,4,9147c5251cc99eb1
502,The Origin of Species,10.01,In stock,7,4,0345872b14f9e774
503,The Great Gatsby,36.05,In stock,7,4,a8dbf1c6b41b885a
504,The Good Girl,49.03,In stock,7,3,f935412970c9f58f
505,The Glass Castle,16.24,In stock,7,1,47f4fd3e8e1dac05
506,The Faith of Christopher Hitchens: The Restless Soul of the World's Most Notorious Atheist,39.55,In stock,7,1,57f85720e54d6442
507,The Drowning Girls,35.67,In stock,7,3,7a10353c9c54cf7c
508,The Constant Princess (The Tudor Court #1),16.62,In stock,7,3,24933c712f0bca2f
509,The Bourne Identity (Jason Bourne #1),42.78,In stock,7,4,d250657f0ebc5d73
510,The Bachelor Girl's Guide to Murder (Herringford and Watts Mysteries #1),52.3,In stock,7,5,20789fb17b423c4c
511,The Art Book,32.34,In stock,7,2,4b8fa561a1e52d1c
512,The 7 Habits of Highly Effective People: Powerful Lessons in Personal Change,33.17,In stock,7,4,5fbd03b1ac0a0e69
513,Team of Rivals: The Political Genius of Abraham Lincoln,20.12,In stock,7,5,ba047a636b7d3793
514,Steal Like an Artist: 10 Things Nobody Told You About Being Creative,20.9,In stock,7,2,8776181be110838a
515,"Sit, Stay, Love",20.9,In stock,7,3,bd087cf6a846db75
516,Sister Dear,40.2,In stock,7,4,7ffebdd1d5148aef
517,"Shrunken Treasures: Literary Classics, Short, Sweet, and Silly",52.87,In stock,7,3,9639e89d20228e6e
518,"Rich Dad, Poor Dad",51.74,In stock,7,1,8486f61aa81a3daa
519,Raymie Nightingale,34.41,In stock,7,2,31c56c4d0fe19340
520,Playing from the Heart,32.38,In stock,7,1,68008abf6409dfde
521,Nightstruck: A Novel,50.35,In stock,7,4,746029796363aa51
522,"Naturally Lean: 125 Nourishing Gluten-Free, Plant-Based Recipes--All Under 300 Calories",11.38,In stock,7,5,924438fc6cbec836
523,Meternity,43.58,In stock,7,3,725cd8d23d78cdca
524,Memoirs of a Geisha,49.67,In stock,7,3,dac4b5847454fd9b
525,Like Never Before (Walker Family #2),28.77,In stock,7,2,b6670507e85b30e6
526,Life of Pi,13.22,In stock,7,4,40cdcbb7692fd408
527,Leave This Song Behind: Teen Poetry at Its Best,51.17,In stock,7,5,b74ee891e2a6dd69
528,King's Folly (The Kinsman Chronicles #1),39.61,In stock,7,5,4c82371b8cd02d4d
529,John Adams,57.43,In stock,7,4,68407606544d6f22
530,How to Cook Everything Vegetarian: Simple Meatless Recipes for Great Food (How to Cook Everything),46.01,In stock,7,4,2a9fcb3382d351c8
531,How to Be a Domestic Goddess: Baking and the Art of Comfort Cooking,28.25,In stock,7,2,eff5710404e2ff78
532,Good in Bed (Cannie Shapiro #1),37.05,In stock,7,5,c00bc29a678a6efb
533,"Fruits Basket, Vol. 7 (Fruits Basket #7)",19.57,In stock,7,1,de6d7645f192d517
534,For the Love: Fighting for Grace in a World of Impossible Standards,45.13,In stock,7,3,2e40333991f56f45
535,Finding God in the Ruins: How God Redeems Pain,46.64,In stock,7,2,4e78f06160b717ac
536,Every Heart a Doorway (Every Heart A Doorway #1),12.16,In stock,7,5,4fa75fc6829431ca
537,Delivering the Truth (Quaker Midwife Mystery #1),20.89,In stock,7,4,4e980425468708da
538,Counted With the Stars (Out from Egypt #1),17.97,In stock,7,5,4807043b8218e9ce
539,"Chronicles, Vol. 1",52.6,In stock,7,2,4781b6bfd6f7a2c5
540,Blue Like Jazz: Nonreligious Thoughts on Christian Spirituality,25.77,In stock,7,1,a322361a37a78d3d
541,Benjamin Franklin: An American Life,48.19,In stock,7,3,5b546a46a86a9d8c
542,"At The Existentialist Café: Freedom, Being, and apricot cocktails with: Jean-Paul Sartre, Simone de Beauvoir, Albert Camus, Martin Heidegger, Edmund Husserl, Karl Jaspers, Maurice Merleau-Ponty and others",29.93,In stock,7,5,6b52904b2ab91bf6
543,A Summer In Europe,44.34,In stock,7,2,cc1936a9f4e93477
544,A Short History of Nearly Everything,52.4,In stock,7,5,6c7fa6844380f50a
545,A Gathering of Shadows (Shades of Magic #2),44.81,In stock,7,4,d1378a0ad06ff979
546,The Sound Of Love,57.84,In stock,6,5,5ba3d703d1ae0c1d
547,The Rise and Fall of the Third Reich: A History of Nazi Germany,39.67,In stock,6,2,774fa432bd7d9c47
548,The Perks of Being a Wallflower,55.02,In stock,6,3,fd364afd082f5446
549,The Mysterious Affair at Styles (Hercule Poirot #1),24.8,In stock,6,4,2da5edf8b5776c9a
550,The Man Who Mistook His Wife for a Hat and Other Clinical Tales,59.45,In stock,6,4,60376aa71be66083
551,The Makings of a Fatherless Child,31.58,In stock,6,2,2efa5a839e62b1bd
552,The Joy of Cooking,43.27,In stock,6,4,d326e189b1210916
553,The Invention of Wings,37.34,In stock,6,1,e6635f5b0a2c78db
554,The Hobbit (Middle-Earth Universe),17.8,In stock,6,5,72b5355dda190b6a
555,The Great Railway Bazaar,30.54,In stock,6,1,48736df57e7bec9f
556,The Golden Compass (His Dark Materials #1),18.77,In stock,6,1,d33824cb93ecab6f
557,The God Delusion,46.85,In stock,6,3,2bc80eba94950873
558,The Girl You Left Behind (The Girl You Left Behind #1),15.79,In stock,6,1,eb7459e0c570251d
559,The Fellowship of the Ring (The Lord of the Rings #1),10.27,In stock,6,2,cb17945cb90b7837
560,The Collected Poems of W.B. Yeats (The Collected Works of W.B. Yeats #1),15.42,In stock,6,5,3d250ab0f12be445
561,The Barefoot Contessa Cookbook,59.92,In stock,6,5,6478ccb4416e6a5d
562,Tell the Wolves I'm Home,50.96,In stock,6,2,2a1b3d967cda1da2
563,Ship Leaves Harbor: Essays on Travel by a Recovering Journeyman,30.6,In stock,6,3,8d8e9f9b8730eb25
564,Pride and Prejudice,19.27,In stock,6,4,720c36b2bee4692e
565,Musicophilia: Tales of Music and the Brain,46.58,In stock,6,1,6d235933670503d9
566,Mere Christianity,48.51,In stock,6,3,f38f37ed934d84b2
567,Me Before You (Me Before You #1),19.02,In stock,6,1,7a2b51f69e81c722
568,In the Woods (Dublin Murder Squad #1),38.38,In stock,6,2,6958de044cb28a84
569,In Cold Blood,49.98,In stock,6,4,fe0f34ebed689381
570,How to Stop Worrying and Start Living,46.49,In stock,6,5,e792c0969cefe1b8
571,Give It Back,18.32,In stock,6,2,012170e4fc87ace0
572,"Girl, Interrupted",42.14,In stock,6,3,384c7d41d5ffe9d1
573,Fun Home: A Family Tragicomic,56.59,In stock,6,4,56a34d0cec11d6b0
574,"Fruits Basket, Vol. 6 (Fruits Basket #6)",20.96,In stock,6,4,97258f576d4bb672
575,Deception Point,40.32,In stock,6,4,4e3b183180e2a992
576,"Death Note, Vol. 6: Give-and-Take (Death Note #6)",36.39,In stock,6,3,6e06d0f00f6da20f
577,Catherine the Great: Portrait of a Woman,58.55,In stock,6,4,f3c70d296ec796c4
578,Better Homes and Gardens New Cook Book,39.61,In stock,6,3,faf841f81c52638b
579,An Unquiet Mind: A Memoir of Moods and Madness,21.3,In stock,6,3,46cb43c2ab133ccc
580,A Year in Provence (Provence #1),56.88,In stock,6,4,9e60929f521fa280
581,World Without End (The Pillars of the Earth #2),32.97,In stock,5,4,2e5b4ff08a75fd02
582,"Will Grayson, Will Grayson (Will Grayson, Will Grayson)",47.31,In stock,5,4,e75f3ae1da1cc652
583,Why Save the Bankers?: And Other Essays on Our Economic and Political Crisis,48.67,In stock,5,2,759ee7d059b1beb8
584,Where She Went (If I Stay #2),41.73,In stock,5,4,60369d96b7b80869
585,What If?: Serious Scientific Answers to Absurd Hypothetical Questions,53.68,In stock,5,4,163d89116179c33f
586,Two Summers,14.64,In stock,5,1,3a7d54a264d9f33e
587,This Is Your Brain on Music: The Science of a Human Obsession,38.4,In stock,5,1,bc209a900101f28d
588,The Secret Garden,15.08,In stock,5,4,abbb492978ff656d
589,The Raven King (The Raven Cycle #4),30.57,In stock,5,2,2e4fc5eacceec12c
590,The Raven Boys (The Raven Cycle #1),57.74,In stock,5,4,e0b3a679b83caccc
591,The Power Greens Cookbook: 140 Delicious Superfood Recipes,11.05,In stock,5,5,f701fae56b645ef7
592,The Metamorphosis,28.58,In stock,5,1,93379e3a2072a01b
593,The Mathews Men: Seven Brothers and the War Against Hitler's U-boats,42.91,In stock,5,5,0d210d2448c3018f
594,The Little Paris Bookshop,24.73,In stock,5,3,dfd9ff1f343cdaff
595,The Hiding Place,55.91,In stock,5,4,c4589ee5977a47be
596,The Grand Design,13.76,In stock,5,3,3213b1f13f5f0f7c
597,The Firm,45.56,In stock,5,3,ad84f18659e6bfe2
598,The Fault in Our Stars,47.22,In stock,5,1,3661360c99719414
599,The False Prince (The Ascendance Trilogy #1),56.0,In stock,5,5,a2a9f76339d21ab1
600,The Expatriates,44.58,In stock,5,2,fe7210553d56c097
601,The Dream Thieves (The Raven Cycle #2),34.5,In stock,5,1,fec06f52054ea900
602,The Darkest Corners,11.33,In stock,5,5,c4182bdb53e2459a
603,The Crossover,38.77,In stock,5,4,b228042c088b1913
604,The 5th Wave (The 5th Wave #1),11.83,In stock,5,2,b716233fcb6877e6
605,Tell the Wind and Fire,45.51,In stock,5,3,84126312e2431a09
606,Tell Me Three Things,41.81,In stock,5,1,50d5a7b861ed1c54
607,Talking to Girls About Duran Duran: One Young Man's Quest for True Love and a Cooler Haircut,25.15,In stock,5,4,1dba84766a5e87b8
608,Siddhartha,34.22,In stock,5,5,84bb29c53592ac40
609,Shiver (The Wolves of Mercy Falls #1),16.23,In stock,5,5,59a8ae019b64f2a7
610,Remember Me?,11.48,In stock,5,3,2973d38c2fbd7a5c
611,Red Dragon (Hannibal Lecter #1),23.37,In stock,5,3,e958ae92f328c181
612,Peak: Secrets from the New Science of Expertise,16.28,In stock,5,2,6036239d2ab349b7
613,My Mother Was Nuts,31.63,In stock,5,4,a4ce39a3720cd679
614,Mexican Today: New and Rediscovered Recipes for Contemporary Kitchens,24.91,In stock,5,5,12a90b90283b2e6d
615,Maybe Something Beautiful: How Art Transformed a Neighborhood,22.54,In stock,5,1,81c68492ccd72941
616,Lola and the Boy Next Door (Anna and the French Kiss #2),23.63,In stock,5,4,5e1a88d248599768
617,Logan Kade (Fallen Crest High #5.5),13.12,In stock,5,2,7093cf549cd2e7de
618,Last One Home (New Beginnings #1),59.98,In stock,5,3,07e6810fd3236bda
619,Killing Floor (Jack Reacher #1),31.49,In stock,5,4,8dde2ff3f6fcc0a3
620,Kill the Boy Band,15.52,In stock,5,5,44f545727e704187
621,Isla and the Happily Ever After (Anna and the French Kiss #3),48.13,In stock,5,5,45045146dbf7b009
622,If I Stay (If I Stay #1),38.13,In stock,5,5,7284d85428305f5a
623,I Know Why the Caged Bird Sings (Maya Angelou's Autobiography #1),36.55,In stock,5,2,d219d4e325e6f204
624,Harry Potter and the Deathly Hallows (Harry Potter #7),23.32,In stock,5,1,6c49258724f11770
625,"Fruits Basket, Vol. 5 (Fruits Basket #5)",16.33,In stock,5,1,3fd83dcf37bf1bc0
626,Foundation (Foundation (Publication Order) #1),32.42,In stock,5,1,3fc124f59f3068e4
627,Fool Me Once,16.96,In stock,5,1,630e766f0a1987dd
628,Find Her (Detective D.D. Warren #8),22.37,In stock,5,1,b28c7d07afa7063b
629,Evicted: Poverty and Profit in the American City,42.27,In stock,5,1,75cc85cdbe9ad46b
630,Drama,38.7,In stock,5,2,d5ad4c92d8bf26c9
631,Dracula the Un-Dead,35.63,In stock,5,5,e46b1074b99ac4b6
632,Digital Fortress,58.0,In stock,5,5,94bb629a3f6dd00b
633,"Death Note, Vol. 5: Whiteout (Death Note #5)",52.41,In stock,5,1,1c0a38899c82b60a
634,"Data, A Love Story: How I Gamed Online Dating to Meet My Match",32.35,In stock,5,3,bcf567421c581f0a
635,Critique of Pure Reason,20.75,In stock,5,1,429b4a811bef386c
636,Booked,17.49,In stock,5,5,b54d7416bb445989
637,"Blue Lily, Lily Blue (The Raven Cycle #3)",34.13,In stock,5,5,ad5e078beceaeb4a
638,Approval Junkie: Adventures in Caring Too Much,58.81,In stock,5,5,612369a5947a012e
639,An Abundance of Katherines,10.0,In stock,5,5,f36d24c309e87e5b
640,America's War for the Greater Middle East: A Military History,51.22,In stock,5,2,add33db6ff80db24
641,Alight (The Generations Trilogy #2),58.59,In stock,5,4,d9290e99f189ce84
642,A Girl's Guide to Moving On (New Beginnings #2),31.3,In stock,5,1,cf3b86489890b9f2
643,A Game of Thrones (A Song of Ice and Fire #1),46.42,In stock,5,2,03cbb67c0f990d87
644,A Feast for Crows (A Song of Ice and Fire #4),17.21,In stock,5,4,f2c8f4b4c94d5c5c
645,A Clash of Kings (A Song of Ice and Fire #2),10.79,In stock,5,3,89a89e76f3516357
646,Vogue Colors A to Z: A Fashion Coloring Book,52.35,In stock,4,4,a8f4577a48023344
647,The Shining (The Shining #1),27.88,In stock,4,3,d4de23aa98acc65b
648,The Pilgrim's Progress,50.26,In stock,4,2,6053ddf69c967d5f
649,The Perfect Play (Play by Play #1),59.99,In stock,4,3,9cc207168a03470d
650,The Passion of Dolssa,28.32,In stock,4,5,011674f4a3834b8d
651,The Jazz of Physics: The Secret Link Between Music and the Structure of the Universe,38.71,In stock,4,3,6a57286a8890d8c5
652,The Hunger Games (The Hunger Games #1),29.85,In stock,4,5,6d2f70d9424f41a1
653,The Hound of the Baskervilles (Sherlock Holmes #5),14.82,In stock,4,2,6587f46697fc4443
654,The Gunning of America: Business and the Making of American Gun Culture,16.81,In stock,4,4,45033bdf3d9ed158
655,The Geography of Bliss: One Grump's Search for the Happiest Places in the World,28.23,In stock,4,2,c65ee14957c0fa5c
656,The Demonists (Demonist #1),52.11,In stock,4,2,ff2dffba388d9922
657,"The Demon Prince of Momochi House, Vol. 4 (The Demon Prince of Momochi House #4)",27.88,In stock,4,2,df53c2948b32bde3
658,The Bone Hunters (Lexy Vaughan & Steven Macaulay #2),59.71,In stock,4,3,9c4d061c1e2fe6bf
659,The Beast (Black Dagger Brotherhood #14),46.08,In stock,4,5,8930013d06942df1
660,Some Women,13.73,In stock,4,5,31f5bbf4974d29c9
661,Shopaholic Ties the Knot (Shopaholic #3),48.39,In stock,4,5,38199c5d7da0c0ef
662,Paper and Fire (The Great Library #2),49.45,In stock,4,5,ae884ac655d6ee3e
663,Outlander (Outlander #1),19.67,In stock,4,5,5de4baa88061a77a
664,"Orchestra of Exiles: The Story of Bronislaw Huberman, the Israel Philharmonic, and the One Thousand Jews He Saved from Nazi Horrors",12.36,In stock,4,3,2ba5ccc84d35006c
665,No One Here Gets Out Alive,20.02,In stock,4,5,3a95f5a2df4ff921
666,Night Shift (Night Shift #1-20),12.75,In stock,4,4,869d20b3b8128230
667,Needful Things,47.51,In stock,4,4,70b585c9d0f15725
668,Mockingjay (The Hunger Games #3),20.44,In stock,4,4,5212c6acea3359e5
669,Misery,34.79,In stock,4,2,81d4191030b9704b
670,Little Women (Little Women #1),28.07,In stock,4,4,deda806b68b0aa11
671,It,25.01,In stock,4,3,670a2773607d785d
672,Harry Potter and the Sorcerer's Stone (Harry Potter #1),13.9,In stock,4,3,ac337893a9fe0085
673,Harry Potter and the Prisoner of Azkaban (Harry Potter #3),24.17,In stock,4,4,eff24325e0ede639
674,Harry Potter and the Order of the Phoenix (Harry Potter #5),31.63,In stock,4,4,5a6b7155f2797537
675,Harry Potter and the Half-Blood Prince (Harry Potter #6),48.75,In stock,4,5,73f4f87dd936ee5c
676,Harry Potter and the Chamber of Secrets (Harry Potter #2),14.74,In stock,4,1,c7c4f55b7321cba7
677,Gone with the Wind,32.49,In stock,4,3,23310ce84d3c9f85
678,God Is Not Great: How Religion Poisons Everything,27.8,In stock,4,1,ddbc5530d2939d49
679,Girl With a Pearl Earring,26.77,In stock,4,1,5eff05e59f905a49
680,"Fruits Basket, Vol. 4 (Fruits Basket #4)",50.44,In stock,4,4,8fff1084aa085a13
681,Far From True (Promise Falls Trilogy #2),34.93,In stock,4,2,ad15a9a139919918
682,Dark Lover (Black Dagger Brotherhood #1),12.87,In stock,4,1,2b69d289279aabfd
683,Confessions of a Shopaholic (Shopaholic #1),48.94,In stock,4,2,a2dc754afb69bb32
684,Changing the Game (Play by Play #2),13.38,In stock,4,3,aaebac5fda798b1b
685,Candide,58.63,In stock,4,3,2798974abc8a58a8
686,Can You Keep a Secret?,21.94,In stock,4,1,0812f54c93d726ce
687,Atlas Shrugged,26.58,In stock,4,5,78a4ac98191ac675
688,Animal Farm,57.22,In stock,4,3,1451b55e5e56bb89
689,A Walk to Remember,56.43,In stock,4,1,aead11697d14ea36
690,A New Earth: Awakening to Your Life's Purpose,55.65,In stock,4,5,f6ae39568db1130e
691,"A History of God: The 4,000-Year Quest of Judaism, Christianity, and Islam",27.62,In stock,4,1,d12ca4020c2f602e
692,'Salem's Lot,49.56,In stock,4,4,6e9403f00acd6752
693,Zero History (Blue Ant #3),34.77,In stock,3,1,634b7165c96ebb9f
694,Wuthering Heights,17.73,In stock,3,3,5a7ff9aaa3168878
695,World War Z: An Oral History of the Zombie War,21.8,In stock,3,1,5d55202da0252627
696,Wild: From Lost to Found on the Pacific Crest Trail,46.02,In stock,3,3,d30b9215c72cca87
697,"Where'd You Go, Bernadette",18.13,In stock,3,1,07bb35158d9dd3d2
698,When You Are Engulfed in Flames,30.89,In stock,3,5,dab0196cd5fc8e5e
699,We the People: The Modern-Day Figures Who Have Reshaped and Affirmed the Founding Fathers' Vision of America,31.95,In stock,3,3,06bab964fd536971
700,We Are All Completely Beside Ourselves,24.04,In stock,3,1,be3db344a845580b
701,Walk the Edge (Thunder Road #2),32.36,In stock,3,3,0e4e2d31c2fb3aad
702,Voyager (Outlander #3),21.07,In stock,3,5,7feac4000cbc5859
703,Very Good Lives: The Fringe Benefits of Failure and the Importance of Imagination,50.66,In stock,3,3,52aa3d79b1cee455
704,Vegan Vegetarian Omnivore: Dinner for Everyone at the Table,13.66,In stock,3,2,4672d10b9b1e7a05
705,"Unstuffed: Decluttering Your Home, Mind, and Soul",58.09,In stock,3,1,b830685072fa871f
706,Under the Banner of Heaven: A Story of Violent Faith,30.0,In stock,3,1,599a4f98bb193368
707,Two Boys Kissing,32.74,In stock,3,2,61bc8167c9680283
708,Twilight (Twilight #1),41.93,In stock,3,2,b53078de0147f6bf
709,Twenties Girl,42.8,In stock,3,2,8ebad30219b8679c
710,"Trespassing Across America: One Man's Epic, Never-Done-Before (and Sort of Illegal) Hike Across the Heartland",53.51,In stock,3,1,2173a2ce35f6ace1
711,Three-Martini Lunch,23.21,In stock,3,3,57f755143ee96fd4
712,"Thinking, Fast and Slow",21.14,In stock,3,1,719d72f3ee512dc6
713,The Wild Robot,56.07,In stock,3,3,75fed6a47f69859d
714,"The Wicked + The Divine, Vol. 3: Commercial Suicide (The Wicked + The Divine)",14.41,In stock,3,3,a33ed2e6068df53e
715,The Undomestic Goddess,45.75,In stock,3,4,813cff2aefa5d1f0
716,The Travelers,15.77,In stock,3,1,2b685187f55c5d31
717,The Tipping Point: How Little Things Can Make a Big Difference,10.02,In stock,3,2,224fa77d4b248046
718,The Thing About Jellyfish,48.77,In stock,3,1,3d15714d4d3d15dd
719,The Stand,57.86,In stock,3,2,49f24193f0b961e6
720,The Smitten Kitchen Cookbook,23.59,In stock,3,1,742702d662a71410
721,The Silkworm (Cormoran Strike #2),23.05,In stock,3,5,f06039c29b5891fa
722,"The Sandman, Vol. 3: Dream Country (The Sandman (volumes) #3)",55.55,In stock,3,5,91eb9605998a7c03
723,The Rose & the Dagger (The Wrath and the Dawn #2),58.64,In stock,3,4,322a9e34d87f54b1
724,The Road to Little Dribbling: Adventures of an American in Britain (Notes From a Small Island #2),23.21,In stock,3,1,366a236aa1ea6f07
725,The Rise of Theodore Roosevelt (Theodore Roosevelt #1),42.57,In stock,3,3,1a5044d233936b1a
726,The Restaurant at the End of the Universe (Hitchhiker's Guide to the Galaxy #2),10.92,In stock,3,1,0e92ccf1bd39e68f
727,The Rest Is Noise: Listening to the Twentieth Century,34.77,In stock,3,1,e2d47e82c50d41d9
728,The Red Tent,35.66,In stock,3,5,3c456328b04a8ee8
729,The Purpose Driven Life: What on Earth Am I Here for?,37.19,In stock,3,3,0e7beedf0ee9380c
730,The Purest Hook (Second Circle Tattoos #3),12.25,In stock,3,1,969f6c7e86554814
731,The Picture of Dorian Gray,29.7,In stock,3,2,b9f6305a3d650e2c
732,The Paris Wife,36.8,In stock,3,3,fa26798728f5208f
733,The Obsession,45.43,In stock,3,1,ee441c8e027caa66
734,The Nightingale,26.26,In stock,3,4,29d6d87f3418638b
735,The New Guy (and Other Senior Year Distractions),44.92,In stock,3,3,3e42ac0f4d43320f
736,The Nanny Diaries (Nanny #1),52.53,In stock,3,5,6263c1d2997b8ce0
737,The Name of God is Mercy,37.25,In stock,3,2,0baf71623648413a
738,The Maze Runner (The Maze Runner #1),20.93,In stock,3,1,4266f48a0aa1c37d
739,The Lover's Dictionary,58.09,In stock,3,2,36c15687f5ab0f7c
740,The Lonely Ones,43.59,In stock,3,5,cf2f27fdf94ba20e
741,The Lean Startup: How Today's Entrepreneurs Use Continuous Innovation to Create Radically Successful Businesses,33.92,In stock,3,3,70c7c3ca7f9b2728
742,The Last Painting of Sara de Vos,55.55,In stock,3,2,476c7972e9b41891
743,"The Land of 10,000 Madonnas",29.64,In stock,3,4,35e69a79d2b1e804
744,The Infinities,27.41,In stock,3,1,554e9e2d532b3a87
745,The Husband's Secret,52.51,In stock,3,5,ff6bb30dd0c482a6
746,The Hitchhiker's Guide to the Galaxy (Hitchhiker's Guide to the Galaxy #1),47.8,In stock,3,3,a8b0ea6490bc818f
747,The Guns of August,14.54,In stock,3,2,b5da59dd177eb36b
748,The Guernsey Literary and Potato Peel Pie Society,49.53,In stock,3,1,4a0a276409968a73
749,The Goldfinch,43.58,In stock,3,3,c88422d8959260ab
750,The Giver (The Giver Quartet #1),12.3,In stock,3,1,e2dac1f4739e0bd5
751,The Girl with All the Gifts,49.47,In stock,3,3,92dcc54a27107a37
752,The Girl Who Played with Fire (Millennium Trilogy #2),22.14,In stock,3,2,bfa9cb304075d3e8
753,The Girl Who Kicked the Hornet's Nest (Millennium Trilogy #3),57.48,In stock,3,1,8f5d16a5a9bd58b2
754,The Exiled,43.45,In stock,3,3,dd003e904727281a
755,"The End of Faith: Religion, Terror, and the Future of Reason",22.13,In stock,3,4,b3f2bc2cefb35f05
756,"The Elegant Universe: Superstrings, Hidden Dimensions, and the Quest for the Ultimate Theory",13.03,In stock,3,4,c6bf14cb901c63ac
757,"The Disappearing Spoon: And Other True Tales of Madness, Love, and the History of the World from the Periodic Table of the Elements",57.35,In stock,3,5,63c0826ef59eae66
758,The Devil Wears Prada (The Devil Wears Prada #1),44.29,In stock,3,1,a6ab0cb7106a67f2
759,The Demon-Haunted World: Science as a Candle in the Dark,52.25,In stock,3,4,f51062bf579507d9
760,The Day the Crayons Came Home (Crayons),26.33,In stock,3,5,b22362b434e8ee62
761,The Da Vinci Code (Robert Langdon #2),22.96,In stock,3,2,dabf11918b48b40c
762,The Cuckoo's Calling (Cormoran Strike #1),19.21,In stock,3,1,1be6d3b121865edb
763,The Complete Stories and Poems (The Works of Edgar Allan Poe [Cameo Edition]),26.78,In stock,3,4,cad70d6ffd53912f
764,The Complete Poems,41.32,In stock,3,5,23707d3ddf14a999
765,The Catcher in the Rye,24.55,In stock,3,1,487449f4f6322f0f
766,The Cat in the Hat (Beginner Books B-1),16.26,In stock,3,2,b7f475238ed50429
767,The Case for Christ (Cases for Christianity),47.84,In stock,3,1,970bd3316219e7dc
768,The Book Thief,53.49,In stock,3,2,a75e274c8814b539
769,The Book of Basketball: The NBA According to The Sports Guy,44.84,In stock,3,5,08decd9664e5d56e
770,The Blind Side: Evolution of a Game,53.71,In stock,3,5,cd3dcd83bb002e78
771,The Autobiography of Malcolm X,23.43,In stock,3,2,b04a6a0db525857d
772,"The Art of Simple Food: Notes, Lessons, and Recipes from a Delicious Revolution",34.32,In stock,3,3,311634df10651e05
773,The Art of Fielding,22.1,In stock,3,1,2858ac90c4758e1f
774,"Surely You're Joking, Mr. Feynman!: Adventures of a Curious Character",25.83,In stock,3,2,61002f3b7ba5d780
775,Stiff: The Curious Lives of Human Cadavers,36.74,In stock,3,3,a11ae5f07572ef49
776,Spilled Milk: Based on a True Story,49.51,In stock,3,1,f08667e4c0458f37
777,Something Borrowed (Darcy & Rachel #1),48.96,In stock,3,5,ac27ab4bcd9c492e
778,Something Blue (Darcy & Rachel #2),54.62,In stock,3,1,3fc9d51d1c4d6ba7
779,Soldier (Talon #3),24.72,In stock,3,2,feaaae90514eb2ac
780,Shopaholic & Baby (Shopaholic #5),46.45,In stock,3,2,c57d3c96af23c297
781,Seven Days in the Art World,52.33,In stock,3,2,07806456878931bc
782,Seven Brief Lessons on Physics,30.6,In stock,3,4,281a244ce1954711
783,Scarlet (The Lunar Chronicles #2),14.57,In stock,3,4,510832818edb6fbc
784,Sarah's Key,46.29,In stock,3,1,5b2cd5b31a510848
785,"Saga, Volume 3 (Saga (Collected Editions) #3)",21.57,In stock,3,5,7b870bf85d01c2dc
786,Running with Scissors,12.91,In stock,3,4,28921443f052bea6
787,Rogue Lawyer (Rogue Lawyer #1),50.11,In stock,3,3,b4f5672f68ec3a83
788,"Rise of the Rocket Girls: The Women Who Propelled Us, from Missiles to the Moon to Mars",41.67,In stock,3,4,89cad3f37c9ce226
789,Rework,44.88,In stock,3,2,8e9dd8431170c09e
790,Reservations for Two,11.1,In stock,3,3,ecdf73ee66c33b17
791,Red: The True Story of Red Riding Hood,28.54,In stock,3,3,4c8ece50736f9e88
792,Ready Player One,19.07,In stock,3,4,2ef5dc7e278e562a
793,Quiet: The Power of Introverts in a World That Can't Stop Talking,43.55,In stock,3,1,3c565df219ba3274
794,Prodigy: The Graphic Novel (Legend: The Graphic Novel #2),43.63,In stock,3,3,9707989a439757b4
795,Persepolis: The Story of a Childhood (Persepolis #1-2),39.13,In stock,3,1,cb62418129b864a3
796,Packing for Mars: The Curious Science of Life in the Void,56.68,In stock,3,2,8e2dfd6bcf48e1e6
797,Outliers: The Story of Success,14.16,In stock,3,1,09a7b0b566ad6225
798,Original Fake,31.45,In stock,3,3,c59283b05905c853
799,Orange Is the New Black,24.61,In stock,3,2,8378c899988905ee
800,One for the Money (Stephanie Plum #1),32.87,In stock,3,2,3250650a5c4e6f07
801,Notes from a Small Island (Notes From a Small Island #1),40.17,In stock,3,1,cb65e49993db9a93
802,Night (The Night Trilogy #1),13.51,In stock,3,1,c4d9fce9eff3b8ba
803,Neither Here nor There: Travels in Europe,38.95,In stock,3,3,747cf7fca2ccdbd4
804,Naked,31.69,In stock,3,3,54aeeb4610d3ae08
805,Morning Star (Red Rising #3),29.4,In stock,3,1,7ce5a92baabb6bc0
806,"Miracles from Heaven: A Little Girl, Her Journey to Heaven, and Her Amazing Story of Healing",57.83,In stock,3,1,7980fa06f2b704d8
807,Midnight Riot (Peter Grant/ Rivers of London - books #1),55.46,In stock,3,2,e9056f9b5a40a301
808,Me Talk Pretty One Day,57.6,In stock,3,2,abc4a7ee16c21088
809,Manuscript Found in Accra,34.98,In stock,3,2,546da23278482b0a
810,Lust & Wonder,11.87,In stock,3,2,0dcadb06206abd3c
811,Lila (Gilead #3),12.47,In stock,3,3,4ef75307fb64e2ad
812,"Life, the Universe and Everything (Hitchhiker's Guide to the Galaxy #3)",33.26,In stock,3,2,4b3f4f151c99f472
813,Life Without a Recipe,59.04,In stock,3,5,c53d9fefcda371e9
814,Life After Life,26.13,In stock,3,2,4ec53ff7e2263f32
815,Letter to a Christian Nation,22.2,In stock,3,1,1de75f05d57bfc10
816,Let's Pretend This Never Happened: A Mostly True Memoir,45.11,In stock,3,1,1246e4ffeb5ac4ea
817,Legend (Legend #1),43.69,In stock,3,4,0ce8075fab4a2b5b
818,"Lean In: Women, Work, and the Will to Lead",25.02,In stock,3,1,d5e1a9bfe22bbf9f
819,"Lamb: The Gospel According to Biff, Christ's Childhood Pal",55.5,In stock,3,5,190fbebbf798c31a
820,Lady Renegades (Rebel Belle #3),53.04,In stock,3,5,16e843e6b853cc2f
821,Jurassic Park (Jurassic Park #1),44.97,In stock,3,1,a0dd11f6abc421ec
822,It's Never Too Late to Begin Again: Discovering Creativity and Meaning at Midlife and Beyond,42.38,In stock,3,1,d4a29356fc992879
823,Is Everyone Hanging Out Without Me? (And Other Concerns),20.11,In stock,3,3,034829ffdd0a0aea
824,Into the Wild,56.7,In stock,3,5,a7c3f1010d64799a
825,Inferno (Robert Langdon #4),41.0,In stock,3,5,6c4646d90b60a56c
826,"In the Garden of Beasts: Love, Terror, and an American Family in Hitler's Berlin",28.85,In stock,3,3,d8292cd5f1aca291
827,If I Run (If I Run #1),49.97,In stock,3,4,61569d12d4ae7161
828,I've Got Your Number,19.69,In stock,3,1,6b32b561dab8036c
829,I Am Malala: The Girl Who Stood Up for Education and Was Shot by the Taliban,28.88,In stock,3,2,8010c7c148057fd3
830,Hungry Girl Clean & Hungry: Easy All-Natural Recipes for Healthy Eating in the Real World,33.14,In stock,3,3,6c4d17a46cac8787
831,"House of Lost Worlds: Dinosaurs, Dynasties, and the Story of Life on Earth",43.7,In stock,3,2,1812b8f5641287e3
832,House of Leaves,54.89,In stock,3,1,557c03c284be1bf2
833,Horrible Bear!,37.52,In stock,3,2,cc1ac978a6835ef6
834,Holidays on Ice,51.07,In stock,3,2,0cb4856be3694a57
835,Heir to the Sky,44.07,In stock,3,4,b003f8bb02f76dc5
836,Green Eggs and Ham (Beginner Books B-16),10.79,In stock,3,4,621e2c310cec8d32
837,"Grayson, Vol 3: Nemesis (Grayson #3)",42.72,In stock,3,1,4f6985aca357ae09
838,Gratitude,26.66,In stock,3,5,c300cc9326592b65
839,Gone Girl,37.6,In stock,3,5,d5c588b6f9c015e4
840,Golden (Heart of Dread #3),42.21,In stock,3,4,984b3b6e7479b571
841,Girl in the Blue Coat,46.83,In stock,3,2,41fc5dce044f16f5
842,"Fruits Basket, Vol. 3 (Fruits Basket #3)",45.17,In stock,3,2,d5f5a122a593b580
843,"Friday Night Lights: A Town, a Team, and a Dream",51.22,In stock,3,3,a9aa3ed5b316470b
844,Fire Bound (Sea Haven/Sisters of the Heart #5),21.28,In stock,3,4,2ed3a794a70aa85f
845,Fifty Shades Freed (Fifty Shades #3),15.36,In stock,3,5,ed813a848580ba50
846,Fellside,38.62,In stock,3,1,147019cae600694e
847,Extreme Prey (Lucas Davenport #26),25.4,In stock,3,3,588ba85ff11a3263
848,Eragon (The Inheritance Cycle #1),43.87,In stock,3,3,b843f52a986a2914
849,Eclipse (Twilight #3),18.74,In stock,3,1,73f71f9556442117
850,Dune (Dune #1),54.86,In stock,3,1,36d5884d44484277
851,Dracula,52.62,In stock,3,3,a7ec599c1a547746
852,Do Androids Dream of Electric Sheep? (Blade Runner #1),51.48,In stock,3,1,98330e431e56a9ea
853,Disrupted: My Misadventure in the Start-Up Bubble,15.28,In stock,3,5,81372abc86f65c79
854,Dead Wake: The Last Crossing of the Lusitania,39.24,In stock,3,5,04d858cdeeee0da4
855,"David and Goliath: Underdogs, Misfits, and the Art of Battling Giants",17.81,In stock,3,1,d234ddecef49ef4e
856,Darkfever (Fever #1),56.02,In stock,3,1,468bd274ac084bb9
857,Dark Places,23.9,In stock,3,5,66937c669c4da072
858,Crazy Rich Asians (Crazy Rich Asians #1),49.13,In stock,3,5,c9782ad2a0ed9331
859,Counting Thyme,10.62,In stock,3,1,157f693d9e600ccc
860,Cosmos,36.17,In stock,3,2,dbe33cf29ef1623d
861,Civilization and Its Discontents,59.95,In stock,3,2,396385e3de5d18c3
862,Cinder (The Lunar Chronicles #1),26.09,In stock,3,1,7e9579921e5407cb
863,Catastrophic Happiness: Finding Joy in Childhood's Messy Years,37.35,In stock,3,2,ef49db2aaa9bb547
864,Career of Evil (Cormoran Strike #3),24.72,In stock,3,2,b461cf238506c5b8
865,Breaking Dawn (Twilight #4),35.28,In stock,3,5,bbfc4a3b7b6c94a0
866,Brave Enough,51.32,In stock,3,5,fd2337c1b73b686e
867,Boy Meets Boy,21.12,In stock,3,3,8e0bc2fe4e7d35b5
868,"Born to Run: A Hidden Tribe, Superathletes, and the Greatest Race the World Has Never Seen",27.35,In stock,3,2,e256de8aa0c2115f
869,Blink: The Power of Thinking Without Thinking,21.74,In stock,3,5,0bbc48294707ba96
870,Black Flags: The Rise of ISIS,40.87,In stock,3,1,860318b8e244f39c
871,"Black Butler, Vol. 1 (Black Butler #1)",49.31,In stock,3,1,15f415d436888b2d
872,Big Little Lies,22.11,In stock,3,1,d3f9c4539c0caa64
873,Between Shades of Gray,20.79,In stock,3,5,155e42df837ee5ff
874,Best of My Love (Fool's Gold #20),27.41,In stock,3,2,67dea6c75d6a1075
875,Beowulf,38.35,In stock,3,2,3fb69f34e178d494
876,Beautiful Creatures (Caster Chronicles #1),21.55,In stock,3,5,5439bae708bca198
877,Awkward,38.02,In stock,3,2,1d89a2aa9f6ce50f
878,Ash,22.06,In stock,3,4,5d22e2a46604b6e7
879,Are We There Yet?,10.66,In stock,3,3,ef9c4f2465513956
880,Are We Smart Enough to Know How Smart Animals Are?,56.58,In stock,3,1,da0349a87c8caa2f
881,Annie on My Mind,36.83,In stock,3,5,7bf87402413c27ff
882,And Then There Were None,35.01,In stock,3,2,cfe350b20d23b02b
883,A Walk in the Woods: Rediscovering America on the Appalachian Trail,30.48,In stock,3,4,bcee4f289ff6699c
884,A Visit from the Goon Squad,14.08,In stock,3,5,5dbd6ec4e154ad2f
885,A Storm of Swords (A Song of Ice and Fire #3),31.22,In stock,3,2,87beabf664115d79
886,A Heartbreaking Work of Staggering Genius,54.29,In stock,3,5,c9770bb1d5a492a0
887,8 Keys to Mental Health Through Exercise,31.04,In stock,3,1,f5873c8fc7760000
888,#GIRLBOSS,50.96,In stock,3,1,165affa7adb5eded
889,"The Suffragettes (Little Black Classics, #96)",11.89,In stock,2,2,d2185b65af52d68c
890,The Sense of an Ending,31.38,In stock,2,3,4130678275eb7c8c
891,"The Sandman, Vol. 2: The Doll's House (The Sandman (volumes) #2)",54.81,In stock,2,1,276dc716b1da8899
892,The Course of Love,16.78,In stock,2,3,f3c76b53b239f511
893,Sugar Rush (Offensive Line #2),24.42,In stock,2,1,ce42e3de94226b2b
894,"Saga, Volume 2 (Saga (Collected Editions) #2)",11.75,In stock,2,3,9189fd009df41d0e
895,"Run, Spot, Run: The Ethics of Keeping Pets",20.02,In stock,2,1,b0e479be03911916
896,New Moon (Twilight #2),12.86,In stock,2,4,6fa3ea52c8e31e06
897,Life,31.58,In stock,2,5,637e5a45062aa548
898,Kindle Paperwhite User's Guide,34.0,In stock,2,3,fb495f9f9015a772
899,H is for Hawk,57.42,In stock,2,5,b6d3f4f4ee1f6069
900,Girl Online On Tour (Girl Online #2),53.47,In stock,2,1,97b8f130d32e9f4e
901,"Fruits Basket, Vol. 2 (Fruits Basket #2)",11.64,In stock,2,5,c0db71f6bb14db11
902,Diary of a Minecraft Zombie Book 1: A Scare of a Dare (An Unofficial Minecraft Book),52.88,In stock,2,4,d7b463918d3b8c39
903,"Y: The Last Man, Vol. 1: Unmanned (Y: The Last Man #1)",18.51,In stock,1,4,09d26b5f819c6a36
904,While You Were Mine,41.32,In stock,1,5,8ceb5c6aed2c5f8b
905,Where Lightning Strikes (Bleeding Stars #3),39.77,In stock,1,3,def389ddfda6991b
906,When I'm Gone,51.96,In stock,1,3,c5f91eb481427dc5
907,Ways of Seeing,39.51,In stock,1,5,66a4e422b212726a
908,"Vampire Knight, Vol. 1 (Vampire Knight #1)",15.4,In stock,1,1,e7e87087b1a44711
909,Vampire Girl (Vampire Girl #1),53.82,In stock,1,2,dab5e75d1339706a
910,Twenty Love Poems and a Song of Despair,30.95,In stock,1,4,e63c3f25338baf9a
911,Travels with Charley: In Search of America,57.82,In stock,1,5,0268f149d014b389
912,Three Wishes (River of Time: California #1),44.18,In stock,1,2,460f97a346b44bac
913,This One Moment (Pushing Limits #1),48.71,In stock,1,1,d6d98d3508c30f57
914,The Zombie Room,19.69,In stock,1,5,9c96cd1329fbd82d
915,"The Wicked + The Divine, Vol. 1: The Faust Act (The Wicked + The Divine)",36.52,In stock,1,2,dac9d1e654fac737
916,The Tumor,41.56,In stock,1,5,6514add13c82b115
917,The Story of Hong Gildong,43.19,In stock,1,4,32d035df92ab9080
918,The Silent Wife,12.34,In stock,1,5,b78deb463531d078
919,The Silent Twin (Detective Jennifer Knight #3),36.25,In stock,1,3,9e9932ae1a7d0943
920,The Selfish Gene,29.45,In stock,1,1,6f2c0a9adbb2bca9
921,The Secret Healer,34.56,In stock,1,3,38f776ab9118aed7
922,"The Sandman, Vol. 1: Preludes and Nocturnes (The Sandman (volumes) #1)",54.12,In stock,1,3,5faefdc861684eb1
923,The Republic,33.78,In stock,1,3,0ec9d2b018fb10d8
924,The Odyssey,29.64,In stock,1,3,f0512adadffd2480
925,The No. 1 Ladies' Detective Agency (No. 1 Ladies' Detective Agency #1),57.7,In stock,1,4,b0913e67d38d5ed5
926,The Nicomachean Ethics,36.34,In stock,1,1,5c10b64db3e4f228
927,The Name of the Wind (The Kingkiller Chronicle #1),50.59,In stock,1,3,c8614adb1a90b027
928,The Mirror & the Maze (The Wrath and the Dawn #1.5),29.38,In stock,1,1,c40b70e0f6d80189
929,The Little Prince,45.42,In stock,1,2,1aeca7d078d57deb
930,The Light of the Fireflies,54.43,In stock,1,1,04e43893e32f9d29
931,The Last Girl (The Dominion Trilogy #1),36.26,In stock,1,2,16c71736dae78764
932,The Iliad,16.16,In stock,1,1,86d8bd7afa5b51b3
933,The Hook Up (Game On #1),36.29,In stock,1,5,6e473eff459e809f
934,The Haters,27.89,In stock,1,5,fff8a057a40c4a60
935,The Girl You Lost,12.29,In stock,1,5,4280ac3eab57aa5d
936,The Girl In The Ice (DCI Erika Foster #1),15.85,In stock,1,3,ee61197edb882599
937,The End of the Jesus Era (An Investigation #1),14.4,In stock,1,1,09659d1639a1f978
938,The Edge of Reason (Bridget Jones #2),19.18,In stock,1,4,29fc016c459aeb14
939,The Complete Maus (Maus #1-2),10.64,In stock,1,3,3301af038a720587
940,The Communist Manifesto,14.76,In stock,1,3,18b4545a5ed15581
941,The Bhagavad Gita,57.49,In stock,1,3,f3a0b8c835129558
942,The Bette Davis Club,30.66,In stock,1,3,dfb0849016bc122c
943,The Art of Not Breathing,40.83,In stock,1,4,5bc1fbccfbf2355c
944,Taking Shots (Assassins #1),18.88,In stock,1,2,a7eef9d6795422c1
945,Starlark,25.83,In stock,1,3,e25164e5b3fe208b
946,"Skip Beat!, Vol. 01 (Skip Beat! #1)",42.12,In stock,1,3,2ac720f76384c57e
947,Sister Sable (The Mad Queen #1),13.33,In stock,1,3,3a9a7c5895e82646
948,Shatter Me (Shatter Me #1),42.4,In stock,1,1,9ed7090d8fa690b0
949,Shameless,58.35,In stock,1,3,c068c013d6921fea
950,Shadow Rites (Jane Yellowrock #10),21.72,In stock,1,4,229cd6564bf0dce4
951,Settling the Score (The Summer Games #1),44.91,In stock,1,2,132adf7335bb384a
952,Sense and Sensibility,37.46,In stock,1,1,35e44170702139a4
953,"Saga, Volume 1 (Saga (Collected Editions) #1)",28.48,In stock,1,1,4f64568dfefa3ce7
954,"Rhythm, Chord & Malykhin",28.34,In stock,1,2,9efb397067eb7e8a
955,"Rat Queens, Vol. 1: Sass & Sorcery (Rat Queens (Collected Editions) #1-5)",46.96,In stock,1,5,3cdca3b4a93980f5
956,Paradise Lost (Paradise #1),24.96,In stock,1,1,849db7ab7f4a640c
957,"Paper Girls, Vol. 1 (Paper Girls #1-5)",21.71,In stock,1,4,bcbcbcf0f6ed196f
958,"Ouran High School Host Club, Vol. 1 (Ouran High School Host Club #1)",29.87,In stock,1,3,326825e02a198cf6
959,Origins (Alphas 0.5),28.99,In stock,1,1,8932e5c12f12ffed
960,One Second (Seven #7),52.94,In stock,1,2,7ea31f38675b91c1
961,On the Road (Duluoz Legend),32.36,In stock,1,3,9ff997ab15713e53
962,Old Records Never Die: One Man's Quest for His Vinyl and His Past,55.66,In stock,1,2,a1985630339f4b3d
963,Off Sides (Off #1),39.45,In stock,1,5,b6f1cfadc4dd79d4
964,Of Mice and Men,47.11,In stock,1,2,39592d9d72e717c4
965,Myriad (Prentor #1),58.75,In stock,1,4,63e20a0f98218a87
966,My Perfect Mistake (Over the Top #1),38.92,In stock,1,2,fd78f89878479f56
967,"Ms. Marvel, Vol. 1: No Normal (Ms. Marvel (2014-2015) #1)",39.39,In stock,1,4,35a60467893aa168
968,Meditations,25.89,In stock,1,2,4f19709e47883df5
969,Matilda,28.34,In stock,1,1,1053fb7ee17a1f33
970,Lost Among the Living,27.7,In stock,1,4,d510567580c8be52
971,Lord of the Flies,24.89,In stock,1,3,71a6471bbdac21d9
972,Listen to Me (Fusion #1),58.99,In stock,1,3,6e712ea24e77bd96
973,Kitchens of the Great Midwest,57.2,In stock,1,5,06f6a57a6d532844
974,Jane Eyre,38.43,In stock,1,5,8d390a1fc3133d06
975,Imperfect Harmony,34.74,In stock,1,4,f28f7299d38c0932
976,Icing (Aces Hockey #2),40.44,In stock,1,4,3455b45888fb5053
977,"Hawkeye, Vol. 1: My Life as a Weapon (Hawkeye #1)",45.24,In stock,1,3,6fe02600f322a0a9
978,Having the Barbarian's Baby (Ice Planet Barbarians #7.5),34.96,In stock,1,4,6717a70913b3db79
979,"Giant Days, Vol. 1 (Giant Days #1-4)",56.76,In stock,1,4,eb0fe24bbc845ecc
980,"Fruits Basket, Vol. 1 (Fruits Basket #1)",40.28,In stock,1,5,72e6fbf4f6382557
981,Frankenstein,38.0,In stock,1,2,a492f49a3e2b6a71
982,Forever Rockers (The Rocker #12),28.8,In stock,1,3,e564c3f1a93ccf2e
983,Fighting Fate (Fighting #6),39.24,In stock,1,3,6390772a3094939d
984,Emma,32.93,In stock,1,2,2e69730561ed70ad
985,"Eat, Pray, Love",51.32,In stock,1,3,df56868afd166557
986,Deep Under (Walker Security #1),47.09,In stock,1,5,0072b94dfa30608e
987,Choosing Our Religion: The Spiritual Lives of America's Nones,28.42,In stock,1,4,a812f6969ddf3e39
988,Charlie and the Chocolate Factory (Charlie Bucket #1),22.85,In stock,1,3,1774749f2cee292f
989,Charity's Cross (Charles Towne Belles #4),41.24,In stock,1,1,a96404cb928895f3
990,Bright Lines,39.07,In stock,1,5,230ac636ea0ea415
991,Bridget Jones's Diary (Bridget Jones #1),29.82,In stock,1,1,a2b4b685dfa94733
992,Bounty (Colorado Mountain #7),37.26,In stock,1,4,abc0b15f2c907ff0
993,Blood Defense (Samantha Brinkman #1),20.3,In stock,1,3,95cdfd514098c38b
994,"Bleach, Vol. 1: Strawberry and the Soul Reapers (Bleach #1)",34.65,In stock,1,5,099fae4a0705d63b
995,Beyond Good and Evil,43.38,In stock,1,1,08672cd59171d5e4
996,Alice in Wonderland (Alice's Adventures in Wonderland #1),55.53,In stock,1,1,cd2a2a70dd5d176d
997,"Ajin: Demi-Human, Volume 1 (Ajin: Demi-Human #1)",57.06,In stock,1,4,bfd5e1701c862ac3
998,A Spy's Devotion (The Regency Spies of London #1),16.97,In stock,1,5,19fec36a1dfb4c16
999,1st to Die (Women's Murder Club #1),53.98,In stock,1,1,f684a82adc49f011
1000,"1,000 Places to See Before You Die",26.08,In stock,1,5,228ba5e7577e1d49
